FID,LOCATIONID,NUMSPACES,x,y
1,BF27869,0,-122.698544582503,45.5302160131081
2,BF27873,4,-122.698646150521,45.5330405744712
3,BF27874,4,-122.698674460028,45.533681666453
4,BF27875,4,-122.698705318955,45.5346038449155
5,BF27877,2,-122.698731163486,45.5359830278925
6,BF27887,4,-122.69975496533,45.5357704398194
7,BF27925,2,-122.701099383086,45.5405560608193
8,BF27952,2,-122.702788102633,45.5361032185691
9,BF27955,4,-122.703583610224,45.5293008606813
10,BF27978,0,-122.704788177358,45.536596081911
11,BF27979,2,-122.704805044126,45.536920606013
12,BF27981,4,-122.705930089696,45.5408380137405
13,BF28036,0,-122.672486612966,45.5236425458291
14,BF28037,0,-122.672505854879,45.5241612022269
15,BF28038,8,-122.672534671935,45.5248615539787
16,BF28041,0,-122.672257234446,45.5234425621829
17,BF28043,0,-122.672349018912,45.5249851417827
18,BF28044,0,-122.67237243889,45.5255255192193
19,BF28114,6,-122.673492223926,45.5234719665893
20,BF28115,4,-122.673526685995,45.5243876210488
21,BF28116,8,-122.673544693623,45.5248660501223
22,BF28117,8,-122.673575129443,45.5257032315794
23,BF28118,4,-122.673603986025,45.5265075779361
24,BF28121,4,-122.672928227454,45.5234357945099
25,BF28122,6,-122.673320157023,45.5241841728685
26,BF28123,6,-122.673347172058,45.5249001714598
27,BF28124,6,-122.673380015363,45.5256704663497
28,BF28147,6,-122.674493328038,45.5235630156752
29,BF28148,6,-122.674516384198,45.5242025875146
30,BF28149,6,-122.674539646072,45.5248314737369
31,BF28150,6,-122.674569212323,45.52561703196
32,BF28151,6,-122.674595813235,45.5263320550839
33,BF28153,6,-122.674332223276,45.523578753798
34,BF28154,6,-122.674355438438,45.5242051628835
35,BF28155,6,-122.674381455446,45.5249118208936
36,BF28156,8,-122.674407732066,45.5256158462628
37,BF28157,8,-122.674431608388,45.5262711403151
38,BF28189,0,-122.675522905151,45.524289801951
39,BF28194,2,-122.675344519499,45.5236040074151
40,BF28197,0,-122.675427528323,45.5255473432542
41,BF28224,6,-122.676537216295,45.5242182021027
42,BF28226,8,-122.676601960572,45.5255597578456
43,BF28227,2,-122.676618625219,45.5264206904199
44,BF28228,8,-122.676634830827,45.5268929479197
45,BF28231,14,-122.676376023498,45.5235564550807
46,BF28233,8,-122.676432677548,45.5247673916601
47,BF28235,2,-122.676484212998,45.5263644662378
48,BF28306,4,-122.678343111188,45.5232474794179
49,BF28308,2,-122.678440620618,45.5249162282935
50,BF28309,2,-122.678474831159,45.5258456835149
51,BF10185,0,-122.654185882469,45.5233546786649
52,BF28310,6,-122.678484910256,45.5263150936589
53,BF10429,6,-122.530709042052,45.5250981901075
54,BF28352,6,-122.68026077447,45.5254829309535
55,BF28354,2,-122.680308993339,45.5268571417968
56,BF1045,0,-122.675373526998,45.549537842679
57,BF1046,2,-122.675762297191,45.5495306302385
58,BF28355,4,-122.680342762808,45.5276669361097
59,BF28356,8,-122.680375902557,45.5284599039884
60,BF10464,0,-122.653706333923,45.5259493559838
61,BF1051,10,-122.666955754932,45.5495798056649
62,BF28357,0,-122.680392801664,45.5290558352466
63,BF11,5,-122.678640806585,45.5300488878985
64,BF28358,0,-122.680415587431,45.5296679761414
65,BF11044,0,-122.651582585437,45.5351848823168
66,BF28361,5,-122.680046740074,45.524058832402
67,BF11048,24,-122.651605344255,45.5402365773561
68,BF28362,12,-122.680113222591,45.5250157480853
69,BF28363,2,-122.680102397892,45.5256284389452
70,BF1112,18,-122.675142385085,45.5568359410573
71,BF28365,2,-122.680147891273,45.5266875125366
72,BF11318,4,-122.650623141595,45.526887272561
73,BF28619,0,-122.677664628027,45.5262502914147
74,BF11320,0,-122.650530238726,45.533144890634
75,BF28621,2,-122.677335445781,45.5233501924705
76,BF11324,0,-122.650557097455,45.5351933292866
77,BF28622,0,-122.67735972904,45.5239226085925
78,BF11557,2,-122.649545221644,45.5341691853589
79,BF28623,0,-122.677396603086,45.5249075230017
80,BF1167,2,-122.674035956201,45.5625696297329
81,BF28624,6,-122.677414326847,45.5255092536145
82,BF11705,8,-122.648518682633,45.5340463470415
83,BF28625,0,-122.677447846583,45.526292889169
84,BF28793,12,-122.670838818867,45.5238201936481
85,BF11746,2,-122.648430287511,45.5245723632088
86,BF28794,6,-122.671794628126,45.5238006881763
87,BF11752,0,-122.64837965397,45.5348553828053
88,BF28795,0,-122.672775075478,45.5237853931931
89,BF11882,6,-122.647587591417,45.5254203751709
90,BF28796,6,-122.673968785574,45.5237647384765
91,BF28798,8,-122.675644579261,45.5237283022491
92,BF12085,2,-122.646742802249,45.5348468458023
93,BF12116,0,-122.646405773219,45.5259124749638
94,BF28799,2,-122.676601408108,45.5237157834072
95,BF28800,2,-122.678324227703,45.5236879355667
96,BF12170,0,-122.664624927705,45.5313048858196
97,BF12172,4,-122.664603558581,45.5353276040961
98,BF28802,6,-122.679334615005,45.5236639703135
99,BF12210,2,-122.64555460781,45.5254370970822
100,BF28804,28,-122.681855442203,45.5236360198594
101,BF28805,2,-122.682441649519,45.5236074941442
102,BF28806,6,-122.6836777583,45.5235880364311
103,BF12215,0,-122.645531292036,45.5288372248748
104,BF28818,4,-122.672927734279,45.5238968692446
105,BF12239,0,-122.645378043042,45.5249283969449
106,BF28819,6,-122.673818803752,45.5238796238686
107,BF12270,4,-122.644531459939,45.5270030288699
108,BF28821,2,-122.675811053253,45.5238535484171
109,BF12326,0,-122.644745643455,45.5345133517099
110,BF12378,12,-122.64325269825,45.5390838709535
111,BF28822,2,-122.676809550455,45.5238265710648
112,BF12418,6,-122.643321310673,45.5284003433029
113,BF28825,10,-122.679796780253,45.5237700950588
114,BF12425,2,-122.642898684773,45.5348951027881
115,BF28826,8,-122.680830914519,45.523756602588
116,BF12825,0,-122.639044247451,45.5353014534082
117,BF12942,24,-122.637236955677,45.5474541228932
118,BF28827,0,-122.681818595106,45.5237349779986
119,BF28830,2,-122.684334005463,45.5236892874589
120,BF12985,0,-122.637343721347,45.5230252376079
121,BF12990,2,-122.637268080505,45.5269643801069
122,BF28890,4,-122.673000873313,45.5244938432391
123,BF12992,0,-122.637249604855,45.5279191110658
124,BF28891,4,-122.67394945293,45.5244772148226
125,BF1301,2,-122.688933830672,45.5839877588371
126,BF28893,0,-122.675761635133,45.5244495272174
127,BF13033,0,-122.637169885661,45.5232592015723
128,BF28894,8,-122.676846076852,45.5244256365536
129,BF13034,17,-122.637177403662,45.5238358272234
130,BF28895,1,-122.677702128199,45.5244077298776
131,BF13035,12,-122.637165379712,45.5245405168198
132,BF28897,6,-122.679518174055,45.5243704683399
133,BF28900,8,-122.682496686602,45.5243212803031
134,BF13036,2,-122.637130377755,45.5255080565867
135,BF28904,4,-122.688066107514,45.5242068464395
136,BF28910,21,-122.67088038661,45.5248588181532
137,BF13038,4,-122.637109170328,45.5268056664039
138,BF28912,4,-122.67263960594,45.5246188586148
139,BF28913,4,-122.673952619492,45.5245955231206
140,BF28914,0,-122.675266343611,45.5245663678998
141,BF13042,6,-122.637060287603,45.5294174798398
142,BF28916,2,-122.676632921907,45.5245358922601
143,BF13137,0,-122.635841039303,45.5229900407809
144,BF28919,2,-122.679414012602,45.5244923868919
145,BF132,0,-122.558622227586,45.5227726926642
146,BF13206,4,-122.663753569066,45.5352802749854
147,BF13240,0,-122.635057908699,45.5353167635083
148,BF13279,0,-122.634930722526,45.5349476335755
149,BF13420,12,-122.631796248972,45.5230887218708
150,BF13471,2,-122.632126712215,45.5364974326964
151,BF13723,4,-122.629596345808,45.5424522523421
152,BF13928,2,-122.624889701928,45.5346199254078
153,BF13976,12,-122.623899029952,45.5349217193077
154,BF13999,2,-122.623300954093,45.5345496683156
155,BF14024,2,-122.623065959307,45.5356068863165
156,BF14117,0,-122.662599296808,45.5318514972468
157,BF14119,2,-122.662589844734,45.5332178502905
158,BF14129,0,-122.62234044395,45.5345858483505
159,BF14132,2,-122.622049762599,45.5379514311534
160,BF14148,2,-122.621862515965,45.5360303664795
161,BF14175,4,-122.621301584545,45.5351487618163
162,BF14176,0,-122.621023428404,45.5357901368334
163,BF14178,0,-122.621002929748,45.5376557676079
164,BF14205,0,-122.621213268475,45.533962396589
165,BF14206,8,-122.62126153226,45.5351583672302
166,BF14207,0,-122.620850154165,45.5360821467888
167,BF14208,4,-122.620843315291,45.5369202435797
168,BF14209,0,-122.620829271928,45.5379444959676
169,BF14238,0,-122.620394931997,45.534975241133
170,BF14241,18,-122.620003774081,45.5371035961553
171,BF14277,2,-122.619828308852,45.5358363763064
172,BF14279,14,-122.619844906125,45.5371667524359
173,BF14317,4,-122.618390910972,45.5295160338625
174,BF14318,4,-122.618999649833,45.5357941928959
175,BF14335,8,-122.618823600699,45.5357605859614
176,BF14336,4,-122.618826631614,45.5367825080545
177,BF14355,0,-122.617989955132,45.5363548869247
178,BF14357,4,-122.618006387115,45.5372167510028
179,BF14366,0,-122.617213266347,45.5262419677118
180,BF14373,8,-122.617819517773,45.536351845852
181,BF14387,2,-122.617155196552,45.5359163151006
182,BF14406,4,-122.616850214022,45.5359798766836
183,BF14407,2,-122.616851461782,45.5366008489432
184,BF14559,0,-122.614053492641,45.5385996275135
185,BF14661,0,-122.612037232969,45.5396045368194
186,BF15570,0,-122.594215823745,45.5345129401795
187,BF15576,4,-122.594258861132,45.5461193950671
188,BF15676,8,-122.659782319316,45.5240588984856
189,BF15679,12,-122.659718601813,45.5287872943755
190,BF16319,0,-122.658518272032,45.5351923375983
191,BF15718,6,-122.659598655163,45.5239277706844
192,BF16328,0,-122.658554196558,45.5483695039501
193,BF15915,10,-122.588182263088,45.5439071846105
194,BF16374,2,-122.581377711661,45.5265709663857
195,BF15984,4,-122.586868849786,45.5260575582947
196,BF16409,2,-122.579760932795,45.5521463439955
197,BF16078,10,-122.584724559525,45.5275883059215
198,BF1659,8,-122.695180738514,45.5871140027065
199,BF16770,18,-122.657726174445,45.523094356703
200,BF1608,12,-122.694660122586,45.5626203893631
201,BF16773,0,-122.657722874933,45.5255528374948
202,BF16267,0,-122.658715616628,45.529896334966
203,BF16273,4,-122.658690193407,45.5347536572862
204,BF16775,8,-122.657690072052,45.534021163555
205,BF16283,4,-122.658671758181,45.542455723432
206,BF16778,2,-122.657662396755,45.5361697996296
207,BF16309,2,-122.658597325573,45.523358767093
208,BF16821,0,-122.657510343418,45.5349320804857
209,BF16310,4,-122.658579884782,45.523915093915
210,BF170,6,-122.659840508587,45.5228552134993
211,BF16316,13,-122.657496517448,45.532700229484
212,BF17058,0,-122.562050334355,45.5280028018176
213,BF17089,2,-122.656736152848,45.5320995102732
214,BF171,2,-122.659321078435,45.5228380640995
215,BF17129,0,-122.656557078188,45.5249024069429
216,BF172,2,-122.659015784189,45.5228387646017
217,BF17670,6,-122.663761697921,45.5590719715149
218,BF17672,4,-122.661717420693,45.5590517989743
219,BF17673,4,-122.660778447659,45.5590555684322
220,BF17887,6,-122.666535976691,45.5494762352594
221,BF18035,0,-122.661366070721,45.5404747267973
222,BF181,4,-122.651293696225,45.5228101950548
223,BF18176,6,-122.66406956045,45.5351768110044
224,BF18179,0,-122.66132092409,45.5351591808429
225,BF18181,0,-122.659027648239,45.5351501971226
226,BF18182,2,-122.658329713857,45.5351488316625
227,BF18184,0,-122.65586818535,45.5351377047339
228,BF18185,0,-122.655035473132,45.5351351959362
229,BF18186,0,-122.654107916787,45.5351283692625
230,BF18188,0,-122.652189757636,45.5351249763757
231,BF18189,2,-122.650871101766,45.535120506222
232,BF18190,2,-122.650069429037,45.5351205458644
233,BF18191,2,-122.649133110524,45.5351214570106
234,BF18192,3,-122.647227090307,45.5351130364583
235,BF18194,0,-122.643984576374,45.5351010764025
236,BF18195,10,-122.642116602504,45.5351005774114
237,BF18199,2,-122.637296808628,45.5352510491641
238,BF18200,0,-122.635347713295,45.5352468949005
239,BF18201,2,-122.633712524356,45.5352432817858
240,BF18203,0,-122.629823527048,45.5352440412824
241,BF18204,2,-122.628233298789,45.5352443867369
242,BF18206,0,-122.624483523283,45.5352422888398
243,BF18208,0,-122.622775985828,45.5352317509016
244,BF18212,0,-122.619648260418,45.5351776560792
245,BF18261,2,-122.661226135658,45.5349970224884
246,BF18265,2,-122.657288505357,45.5349700278274
247,BF18266,2,-122.656318002355,45.5349756916733
248,BF18267,2,-122.651856500632,45.5349555343949
249,BF18268,2,-122.650917635396,45.5349542444396
250,BF18269,2,-122.650060029065,45.5349479595252
251,BF18270,2,-122.648716291334,45.5349512278318
252,BF18271,2,-122.6473988958,45.5349450769465
253,BF18272,2,-122.646209363769,45.5349400146574
254,BF18273,2,-122.643962140051,45.5349313253895
255,BF18274,4,-122.642153037273,45.5349281476933
256,BF18275,0,-122.640606131168,45.5350666824972
257,BF18276,0,-122.639489169537,45.535072946004
258,BF18278,0,-122.637587368706,45.5350730630436
259,BF18279,0,-122.635486675483,45.535071737224
260,BF18280,0,-122.634567119534,45.5350736828501
261,BF18282,0,-122.628286910246,45.5350590352792
262,BF18286,4,-122.621700667398,45.535069342946
263,BF18288,2,-122.618929040455,45.5350617624284
264,BF184,6,-122.648048636466,45.5228019388163
265,BF18435,0,-122.639298892885,45.5267625768954
266,BF18485,2,-122.66104163158,45.563438797556
267,BF185,4,-122.647075593028,45.5228016568529
268,BF186,0,-122.646075252484,45.5227936083093
269,BF187,0,-122.64417414156,45.5227640443145
270,BF188,10,-122.642619580011,45.5227780952858
271,BF18888,4,-122.658322419537,45.523569066476
272,BF18889,4,-122.657307669117,45.523569143889
273,BF189,10,-122.640443681628,45.522777557793
274,BF18905,0,-122.637091874165,45.5235676749303
275,BF18997,0,-122.660208545663,45.5244174900614
276,BF190,0,-122.63752855331,45.5227881056173
277,BF19003,0,-122.653063992681,45.5243886387315
278,BF19077,0,-122.658469199763,45.5242903929255
279,BF19081,4,-122.653853018029,45.5242796099999
280,BF19084,0,-122.64873548384,45.5242549847936
281,BF191,4,-122.636949720263,45.5227860462773
282,BF1914,0,-122.688024923352,45.5774761153208
283,BF19159,8,-122.66103086078,45.5718558622996
284,BF19183,2,-122.66117971252,45.571724549142
285,BF19332,0,-122.66093900355,45.5616973955533
286,BF19552,0,-122.636942488825,45.5249970511236
287,BF19600,2,-122.661396908088,45.5508488904594
288,BF19652,12,-122.666549703847,45.5507535474792
289,BF19770,4,-122.654351720454,45.5258208104013
290,BF19779,2,-122.637294820656,45.5259116725456
291,BF19780,2,-122.637087482302,45.5258091133253
292,BF19838,2,-122.645680044963,45.5256687526286
293,BF28920,10,-122.680553655795,45.5244699834329
294,BF19845,6,-122.637013685701,45.5256962306895
295,BF28921,0,-122.682031469778,45.5244409735302
296,BF19939,4,-122.666416520521,45.5483185213275
297,BF19943,2,-122.661807481292,45.5483353125516
298,BF28922,4,-122.682514594517,45.5244346717068
299,BF19951,2,-122.654167442751,45.548317214064
300,BF28924,2,-122.684567913288,45.5243966297748
301,BF19953,2,-122.652560939715,45.5483032657244
302,BF28997,2,-122.67084888449,45.5249474425939
303,BF19954,0,-122.651664778591,45.5483003404227
304,BF19978,24,-122.621476871908,45.5484044691159
305,BF29000,6,-122.673939777177,45.5251918590869
306,BF20000,4,-122.589548248496,45.5482780647173
307,BF29001,2,-122.674631773694,45.5251998865186
308,BF29002,0,-122.675887543003,45.52515577937
309,BF29009,0,-122.682691440457,45.5250299287712
310,BF29011,0,-122.684735459868,45.5249892080648
311,BF29031,0,-122.672931301489,45.5253241602048
312,BF29032,6,-122.673853968304,45.5253065609398
313,BF29034,0,-122.676168786654,45.5252654628207
314,BF29036,0,-122.678042704676,45.5252309741612
315,BF29038,0,-122.680045274921,45.525194338119
316,BF29039,0,-122.680744783152,45.5251802581715
317,BF29040,0,-122.681638933846,45.5251643858145
318,BF29042,8,-122.683749878644,45.5251242265914
319,BF29044,4,-122.685841876176,45.5250935536359
320,BF29052,0,-122.689705708978,45.5250310452515
321,BF29054,0,-122.694087174402,45.5249405416779
322,BF29075,4,-122.67400879474,45.5259054797641
323,BF29076,2,-122.674991115079,45.5258854639848
324,BF29077,4,-122.676271246699,45.525855430233
325,BF29078,0,-122.676957784155,45.525852745433
326,BF29079,6,-122.678095817567,45.5258256633089
327,BF2908,12,-122.700077894404,45.5823327684437
328,BF29081,2,-122.680007011182,45.5257918723116
329,BF29082,5,-122.680640920837,45.5257781581655
330,BF29086,6,-122.684960333337,45.5257037942183
331,BF29090,8,-122.689894083896,45.525613002855
332,BF29095,0,-122.699098673252,45.5254440828999
333,BF29098,4,-122.674008704908,45.5260189932145
334,BF29099,0,-122.674746301707,45.5260045390121
335,BF29102,0,-122.677843151122,45.5259550761207
336,BF29104,6,-122.679800783145,45.5259204771189
337,BF29106,4,-122.681886438572,45.5258918902565
338,BF29109,0,-122.684979678556,45.5258188757834
339,BF29110,6,-122.685762775922,45.5258069703925
340,BF29118,2,-122.698606536613,45.5255630040411
341,BF29223,2,-122.673906870989,45.5266200309928
342,BF29224,4,-122.674773126299,45.526602315076
343,BF29226,4,-122.676942832595,45.5265651695319
344,BF29230,0,-122.681050389113,45.5264887084015
345,BF29231,0,-122.681809393663,45.5264748729624
346,BF29233,0,-122.683582367098,45.5264423385212
347,BF29239,2,-122.687864044966,45.5263540594273
348,BF29244,2,-122.695021004581,45.5262311807549
349,BF29246,1,-122.698820013156,45.5261692425623
350,BF29253,9,-122.67521457999,45.5267134513667
351,BF29256,0,-122.677905332506,45.5266595170137
352,BF29257,0,-122.67940380235,45.5266329343443
353,BF29258,4,-122.680744227993,45.5266052339546
354,BF29260,2,-122.682681890467,45.5264921225775
355,BF29262,2,-122.684661258127,45.526534236815
356,BF29434,0,-122.679632210689,45.5272263399358
357,BF29435,2,-122.680580673526,45.5272100993669
358,BF29436,2,-122.681917806843,45.527185316222
359,BF29439,0,-122.684578526883,45.5271359720542
360,BF29444,0,-122.694218361672,45.5269584391757
361,BF20078,0,-122.621375108058,45.5482419350129
362,BF29455,0,-122.678036647336,45.5274039902831
363,BF20193,2,-122.662496710999,45.5578258770921
364,BF20306,12,-122.64172218011,45.5265655213331
365,BF20308,0,-122.639083751764,45.5265473038147
366,BF29457,0,-122.680805327805,45.5273204641545
367,BF20309,6,-122.637547223895,45.5265545538176
368,BF20310,20,-122.63689391063,45.5265352758565
369,BF29460,0,-122.691072650193,45.5281444562418
370,BF20335,4,-122.605089293354,45.5265662526266
371,BF20342,0,-122.593973248076,45.5265469488666
372,BF29461,0,-122.684430839359,45.5272541224622
373,BF20351,6,-122.583907619029,45.5265190212426
374,BF20354,2,-122.581152677394,45.526505757882
375,BF20374,8,-122.556689370199,45.5264667085161
376,BF29467,8,-122.693818426317,45.527088969597
377,BF20418,12,-122.656185743396,45.5265252932535
378,BF29468,0,-122.694602213589,45.5270669227463
379,BF20432,0,-122.637344501085,45.5263788114714
380,BF20433,0,-122.637037924943,45.5263841306735
381,BF29500,6,-122.680855140286,45.5279170959664
382,BF29503,0,-122.684715418454,45.52784344158
383,BF29510,2,-122.694746447091,45.5276601821608
384,BF20434,0,-122.635051663611,45.5263746162744
385,BF27314,2,-122.683284774109,45.524989925533
386,BF20461,0,-122.602078499848,45.526415941405
387,BF20470,4,-122.592646701404,45.5263908998799
388,BF29512,6,-122.699537087043,45.5275723247407
389,BF27315,2,-122.683297369388,45.5252523539858
390,BF20471,0,-122.592291759967,45.5263840822142
391,BF29519,4,-122.680595829003,45.5280394083405
392,BF20473,2,-122.589377845273,45.5263753865897
393,BF27318,0,-122.683376510964,45.527378746553
394,BF20474,0,-122.588817495962,45.5263767277185
395,BF29521,2,-122.68395746673,45.5279758321191
396,BF27319,0,-122.683411131137,45.5282875269111
397,BF20481,0,-122.581069628146,45.5263524653022
398,BF29523,2,-122.685891762319,45.5279241796509
399,BF27320,0,-122.683448879244,45.5292983950457
400,BF205,6,-122.607863072661,45.5228197333439
401,BF29529,0,-122.695404107304,45.5277650929477
402,BF20712,6,-122.661320236879,45.5430231547321
403,BF27321,0,-122.683469202729,45.5298446307705
404,BF20715,4,-122.666413695319,45.5428088354062
405,BF29530,2,-122.69838994651,45.5277097706771
406,BF20725,4,-122.660806820049,45.5267705399106
407,BF27328,0,-122.683092109735,45.524091719409
408,BF20731,2,-122.660907109764,45.5308510526594
409,BF29531,0,-122.69869486526,45.5277040897369
410,BF27329,0,-122.683126914063,45.5249673353527
411,BF20766,0,-122.660559179678,45.5273276309859
412,BF20779,2,-122.660474807212,45.5364397499643
413,BF29562,0,-122.680803630888,45.5286345460795
414,BF27330,10,-122.683155802085,45.5251935942206
415,BF20824,0,-122.656947276703,45.5337227766715
416,BF29566,2,-122.684686590618,45.5285603029615
417,BF27331,0,-122.683172738922,45.5263737068746
418,BF20862,4,-122.602942282096,45.5337681796704
419,BF29567,0,-122.685756596411,45.5285361579109
420,BF20901,2,-122.556408965575,45.5335876938336
421,BF20905,4,-122.54804216841,45.5335494699422
422,BF27336,0,-122.683327039843,45.5304298908413
423,BF29571,4,-122.687754577164,45.5285069657147
424,BF20951,20,-122.657357336969,45.5334985097474
425,BF27344,0,-122.684320034863,45.524847460102
426,BF29583,0,-122.68081263021,45.528743190669
427,BF21075,8,-122.666208096104,45.5365766595229
428,BF27347,2,-122.684383343633,45.5265731797755
429,BF21098,14,-122.632129483518,45.5364960024584
430,BF29584,0,-122.681823313058,45.5287662733458
431,BF21106,0,-122.620216130424,45.5365803650486
432,BF27350,0,-122.684483167122,45.5290039421139
433,BF21108,2,-122.618541812669,45.5365616322895
434,BF29586,0,-122.684028314161,45.528687633996
435,BF27361,1,-122.684168551059,45.5256870648341
436,BF21181,6,-122.622473783583,45.5364401797283
437,BF21184,2,-122.620188532382,45.5364425204634
438,BF29587,0,-122.684850326545,45.5286734001108
439,BF21186,6,-122.618249225991,45.5364489524506
440,BF27365,8,-122.684269846887,45.5285391037499
441,BF21259,2,-122.660914510984,45.5308503856094
442,BF21508,0,-122.659085103586,45.5299635029626
443,BF29588,4,-122.685789737957,45.5286658439037
444,BF27366,48,-122.684285847679,45.5287531055417
445,BF21509,0,-122.658367586829,45.5299603105117
446,BF29596,0,-122.694205558882,45.528501515815
447,BF27387,2,-122.685333738746,45.5252215665575
448,BF21575,6,-122.626928494941,45.5413654836177
449,BF22321,4,-122.644267422619,45.5278534774419
450,BF22468,2,-122.661220126827,45.5641040022695
451,BF29598,0,-122.697914397263,45.5284335713803
452,BF27392,6,-122.685459072592,45.5287598977476
453,BF2249,0,-122.671198292304,45.5629049750249
454,BF29631,0,-122.680933660228,45.5293595607771
455,BF27393,6,-122.685459135475,45.529487531896
456,BF22626,8,-122.666690469852,45.5626586928628
457,BF29634,6,-122.685847239118,45.5292529777401
458,BF27397,2,-122.68560541444,45.5327653848699
459,BF22889,0,-122.66137972691,45.5421744600098
460,BF22916,0,-122.630883046807,45.5421067504138
461,BF22940,4,-122.663154977575,45.5418370896489
462,BF29641,2,-122.691760464155,45.5291372556389
463,BF27405,2,-122.685158341788,45.5256457290984
464,BF22941,2,-122.660768655125,45.5420408640629
465,BF22969,0,-122.630854655552,45.5419463794279
466,BF23023,12,-122.619192710364,45.5295714047011
467,BF27408,4,-122.68524744658,45.5274910512343
468,BF29644,0,-122.698448154645,45.5290237509982
469,BF2305,54,-122.684918035263,45.558010598728
470,BF2306,6,-122.684947333816,45.5585661852663
471,BF27409,4,-122.685272694629,45.5281905006181
472,BF29645,2,-122.698742330443,45.5290178971297
473,BF2311,18,-122.684873883067,45.5625349092313
474,BF27410,2,-122.68529710455,45.5290626167176
475,BF29652,0,-122.684017749974,45.5294036627417
476,BF23179,4,-122.663666905895,45.5589839027736
477,BF23288,0,-122.661793124417,45.5306342421259
478,BF27411,4,-122.685253483258,45.5296602488968
479,BF29653,0,-122.684561950271,45.5293917209802
480,BF23289,0,-122.66179190181,45.531868807512
481,BF27415,10,-122.685433088823,45.5325755976761
482,BF29654,8,-122.685737356294,45.5293702206429
483,BF23296,0,-122.661767455058,45.5366880743595
484,BF23297,0,-122.661754058482,45.5375769701694
485,BF27416,4,-122.685455688639,45.5332404755426
486,BF23299,0,-122.661736129906,45.5395989747401
487,BF29661,8,-122.691186044531,45.5292790695681
488,BF23300,0,-122.661730802896,45.5401977061454
489,BF27452,4,-122.686173860267,45.5253247335465
490,BF24855,0,-122.661362239406,45.539614759341
491,BF29665,4,-122.698731264097,45.5291283150084
492,BF23301,0,-122.661723162725,45.5412534727817
493,BF24901,0,-122.609707037258,45.5399798934807
494,BF27453,2,-122.686194330178,45.525838307551
495,BF24920,32,-122.545157741813,45.5393055698691
496,BF23303,4,-122.661714993445,45.5432975662061
497,BF29666,0,-122.700741532904,45.5290938217949
498,BF25,2,-122.670520128045,45.5232510291068
499,BF23307,0,-122.661725433666,45.5457638691708
500,BF27461,2,-122.686460009618,45.5327689050118
501,BF25029,4,-122.64878491813,45.524804348954
502,BF23309,4,-122.66171584415,45.5471281987934
503,BF29835,0,-122.680843905955,45.5300303776244
504,BF27479,12,-122.687530572366,45.530575535809
505,BF25032,0,-122.646067266461,45.5258029010227
506,BF23311,2,-122.661704599938,45.5487252335491
507,BF23313,0,-122.661684192909,45.5516274166259
508,BF25043,2,-122.636805833511,45.5293966541313
509,BF25044,2,-122.634743153397,45.5302094029456
510,BF29836,0,-122.681849897801,45.5300118100777
511,BF27491,0,-122.687119766499,45.5232522507284
512,BF23320,2,-122.661584665864,45.5615207560851
513,BF25046,4,-122.630421950554,45.5318886544027
514,BF25048,4,-122.627366036468,45.5331455305982
515,BF23322,0,-122.661562129829,45.5635629861112
516,BF27515,6,-122.688411776541,45.5260437926069
517,BF25055,0,-122.622084561537,45.5352854265964
518,BF23357,4,-122.661591134632,45.5249697225085
519,BF27541,8,-122.688243964059,45.5262750107785
520,BF25056,0,-122.621250747087,45.5356316632338
521,BF23361,4,-122.661579366702,45.526857065647
522,BF25057,0,-122.620379416295,45.5359949273542
523,BF29837,0,-122.682722889577,45.5300015581211
524,BF27542,6,-122.688258470055,45.5267000288292
525,BF23363,0,-122.661579357719,45.5284003993124
526,BF25059,2,-122.6186628355,45.5367874279727
527,BF29838,0,-122.68405357838,45.5299987948563
528,BF23374,6,-122.661517205979,45.5362465710251
529,BF25060,0,-122.61736103472,45.5373750269651
530,BF29839,0,-122.684906128094,45.5299646457756
531,BF23378,0,-122.661486601276,45.5389335006911
532,BF25068,0,-122.611336483267,45.5397547618314
533,BF29844,0,-122.688171266997,45.5299233987684
534,BF27546,0,-122.688377386337,45.5297932493606
535,BF23379,4,-122.661481686593,45.5399416770801
536,BF25070,8,-122.608642653122,45.5407140549462
537,BF29847,8,-122.69110082675,45.5298649742668
538,BF23380,2,-122.661458003409,45.5411112196798
539,BF25084,2,-122.593730980529,45.5465589605823
540,BF29848,4,-122.693505128082,45.5298184750158
541,BF27547,0,-122.688385062441,45.5301229087964
542,BF23381,0,-122.661473227158,45.5413564908221
543,BF25091,4,-122.588345458229,45.5486627520576
544,BF29850,0,-122.698467139641,45.529733747983
545,BF23382,2,-122.661461037918,45.5423045543403
546,BF25092,2,-122.587564103595,45.5489651940403
547,BF27549,4,-122.688433738553,45.5315661124549
548,BF29859,0,-122.681049959718,45.5301692208935
549,BF25146,6,-122.648245080052,45.5247819544304
550,BF23384,2,-122.661484105756,45.5444866945881
551,BF29860,0,-122.682687230053,45.5301391158007
552,BF25150,0,-122.645171511375,45.5259337953707
553,BF23385,2,-122.66147073613,45.5451495838639
554,BF29861,0,-122.683693571344,45.5301213626049
555,BF27558,8,-122.688592327133,45.5355479693607
556,BF25153,4,-122.641660411951,45.5272909579199
557,BF23391,2,-122.661467383617,45.5490745133693
558,BF29862,0,-122.684716191005,45.5301008713157
559,BF25154,10,-122.640737384912,45.5276675994215
560,BF23393,4,-122.661396203809,45.5510036574843
561,BF29871,0,-122.69371286439,45.5299405950939
562,BF27566,0,-122.68941782498,45.5260487443026
563,BF25155,4,-122.638873929568,45.5283896989862
564,BF23394,6,-122.661423779393,45.5523286926456
565,BF29876,2,-122.703888475974,45.5297548850726
566,BF25156,4,-122.638088038442,45.5286953997625
567,BF23398,6,-122.661418143363,45.5566355590269
568,BF29983,4,-122.688991340816,45.530623593827
569,BF25157,2,-122.6368796364,45.5291568247087
570,BF23413,6,-122.661242206518,45.5715634219067
571,BF27606,8,-122.690383627997,45.5244225457454
572,BF29984,4,-122.689757995419,45.530612237569
573,BF25160,8,-122.633349471132,45.5305342168807
574,BF23692,0,-122.661222863095,45.5454675873797
575,BF29989,0,-122.698787035103,45.5304548160363
576,BF25163,4,-122.626633933766,45.5332296534304
577,BF27611,0,-122.690515487206,45.5282952719653
578,BF23879,12,-122.657936510477,45.5314440758255
579,BF29993,2,-122.684178282508,45.5308231806621
580,BF25164,0,-122.625446785864,45.5337049742661
581,BF29994,4,-122.684869862208,45.5308302696442
582,BF23949,0,-122.659906160162,45.5286884735043
583,BF27613,16,-122.690544290787,45.5295678893936
584,BF25168,0,-122.623854870569,45.5343477224198
585,BF30000,0,-122.688666321363,45.5307435511627
586,BF23984,4,-122.579511302656,45.5284375115493
587,BF25171,0,-122.621632074738,45.5352974463911
588,BF24019,4,-122.657537560575,45.5285902824065
589,BF3015,0,-122.675669117642,45.5507876807905
590,BF25172,6,-122.620701065269,45.5356835533977
591,BF24104,4,-122.637681973882,45.5293067875204
592,BF27630,0,-122.69019392447,45.5240231591601
593,BF3026,20,-122.666917858603,45.5508326403562
594,BF25174,4,-122.619738397373,45.5360850179829
595,BF24396,2,-122.588583783969,45.5555084992431
596,BF30270,6,-122.673191353882,45.5282689619357
597,BF25177,0,-122.616733792361,45.5374373353832
598,BF24602,12,-122.666590181035,45.5458600384767
599,BF27644,6,-122.690562176244,45.5340971525722
600,BF30271,12,-122.67884978167,45.5324159024051
601,BF25180,0,-122.614087591791,45.5386242130921
602,BF24773,18,-122.620179133309,45.528851076095
603,BF30318,4,-122.684707590535,45.5314155119074
604,BF27654,2,-122.671474192776,45.5236604294618
605,BF25186,0,-122.608986872268,45.5403498957792
606,BF24796,4,-122.662920844272,45.5409947002705
607,BF30335,2,-122.683678717701,45.5315554637031
608,BF25188,0,-122.604751171973,45.5420511232624
609,BF24820,0,-122.666141490517,45.5408783177811
610,BF30342,2,-122.688235568405,45.531472328862
611,BF27655,0,-122.67148931771,45.5241264504441
612,BF25190,4,-122.602693687714,45.5428561059601
613,BF24821,26,-122.663667910212,45.5408732264546
614,BF30345,0,-122.691616766049,45.5314030992378
615,BF25191,2,-122.601716297329,45.5432255545499
616,BF30349,0,-122.70027882777,45.5312650682786
617,BF27659,0,-122.67126794857,45.5235986363415
618,BF25201,4,-122.593517348578,45.5464337014323
619,BF3040,0,-122.675697939189,45.5509039968441
620,BF25202,4,-122.592559635789,45.5468090515058
621,BF30410,4,-122.688900637024,45.5320381209809
622,BF27660,10,-122.671286316422,45.5241359312376
623,BF25203,2,-122.591783515638,45.5471137525324
624,BF30421,8,-122.68499710228,45.5322392388614
625,BF25205,4,-122.589502005022,45.5480084071317
626,BF30430,2,-122.689903989619,45.53215304737
627,BF27693,0,-122.690434758306,45.5304923013491
628,BF25207,6,-122.58854045463,45.5483767687546
629,BF30432,0,-122.693308441052,45.5320823737599
630,BF27699,0,-122.692458968967,45.530297619352
631,BF25208,4,-122.587444851343,45.5488039914582
632,BF30435,2,-122.698943232368,45.5319816355991
633,BF25212,2,-122.583509868377,45.5503646967677
634,BF30446,4,-122.679177735021,45.5235407370916
635,BF27711,0,-122.693393468391,45.5237986351671
636,BF25216,4,-122.580118906945,45.5517214169701
637,BF30447,8,-122.679194158021,45.5240401791781
638,BF25236,2,-122.554323880579,45.5587168237963
639,BF27715,0,-122.694407265698,45.5237018805727
640,BF30448,6,-122.679214637812,45.5246300511901
641,BF25293,4,-122.66141018429,45.5358415209448
642,BF27716,0,-122.694436247145,45.5245769172768
643,BF25342,2,-122.664190779115,45.5357352767657
644,BF30449,2,-122.67924736254,45.5255157365709
645,BF27718,0,-122.694488431179,45.5258697176964
646,BF25585,0,-122.639735949322,45.5035052515896
647,BF30450,4,-122.679275786134,45.5260359849375
648,BF25729,46,-122.587821081055,45.5441845506302
649,BF30451,0,-122.679295838328,45.5267714933577
650,BF27719,0,-122.694508672917,45.5265858905596
651,BF25749,18,-122.666556372041,45.5546231383745
652,BF30454,12,-122.679051727437,45.523855894711
653,BF26018,10,-122.58761797197,45.5436881041113
654,BF30607,8,-122.68593932991,45.5328218235279
655,BF27720,2,-122.69453647308,45.5272824877366
656,BF26029,4,-122.661839366095,45.5438769044193
657,BF30626,4,-122.686395727075,45.5329295375207
658,BF26124,12,-122.661941557543,45.5605367162362
659,BF30636,8,-122.696386198573,45.5327448913977
660,BF27721,12,-122.694551603404,45.5283229255823
661,BF26469,2,-122.623387761892,45.5378361472648
662,BF30715,1,-122.68932741314,45.5334650757467
663,BF26470,2,-122.622083831206,45.5378421141032
664,BF30738,6,-122.691287310715,45.5335509612936
665,BF27722,2,-122.694605063045,45.528973614879
666,BF26674,2,-122.629818555771,45.5324661738963
667,BF30769,2,-122.688777040519,45.5341952340048
668,BF26712,0,-122.662210407138,45.5321657216537
669,BF27723,0,-122.694624812507,45.5294889283297
670,BF30770,2,-122.690297317864,45.5341625737732
671,BF26802,2,-122.659306019077,45.5344228331886
672,BF30775,6,-122.698948831567,45.5340104775125
673,BF26806,0,-122.654341486846,45.5344146245898
674,BF27726,0,-122.694710226121,45.5318257634147
675,BF30784,6,-122.686205936411,45.5343546964336
676,BF26811,0,-122.648368694523,45.5343635349235
677,BF30796,2,-122.699295776201,45.5341209705395
678,BF2683,4,-122.68700309331,45.5811761696736
679,BF27743,6,-122.69424616453,45.5242205106194
680,BF30965,16,-122.68633957159,45.5349034044454
681,BF2684,6,-122.687007766346,45.5821572419374
682,BF30999,4,-122.699049001806,45.5348341362557
683,BF27744,24,-122.694330342062,45.525440616424
684,BF2685,6,-122.686988961014,45.5825808460851
685,BF31320,4,-122.687243556141,45.5356091459144
686,BF26855,4,-122.65296806249,45.5342513603761
687,BF31321,2,-122.688239331447,45.5356298579473
688,BF26856,0,-122.650808506258,45.5342536835832
689,BF27746,0,-122.694346145224,45.5266509674385
690,BF31333,0,-122.699027817735,45.5354314327594
691,BF26857,2,-122.649654875398,45.5342367755165
692,BF27747,0,-122.694375987258,45.527443320309
693,BF26859,4,-122.64864849009,45.5342608231025
694,BF31350,12,-122.686858699009,45.5357502821966
695,BF2686,4,-122.687010296002,45.5833812604018
696,BF31353,0,-122.690257191019,45.5357457321794
697,BF27748,0,-122.694403205313,45.5281103979165
698,BF26968,10,-122.662359134912,45.5577175063217
699,BF31364,2,-122.699537943137,45.535536529779
700,BF2709,2,-122.687240035644,45.570072166719
701,BF31365,12,-122.700677510872,45.5354979233755
702,BF27749,0,-122.694435096404,45.5289187324289
703,BF2719,4,-122.686775993816,45.5820039646528
704,BF31405,12,-122.691328287367,45.5232054753784
705,BF27194,18,-122.68120606266,45.5232072193847
706,BF31458,2,-122.703630778963,45.5367636633605
707,BF27750,0,-122.694450386628,45.5294963799612
708,BF27196,2,-122.681252316016,45.5245217806797
709,BF31480,8,-122.705920044735,45.5368505978222
710,BF27197,0,-122.68127020327,45.5252889314602
711,BF31539,0,-122.698965281517,45.52402017784
712,BF27751,0,-122.694487056756,45.5303752048944
713,BF27198,2,-122.681305743317,45.5262983594217
714,BF31542,0,-122.699668255447,45.5246449311942
715,BF27199,2,-122.681334943056,45.5267508730925
716,BF27752,0,-122.694502477236,45.5308196144602
717,BF31546,0,-122.699223325277,45.5244248511069
718,BF2720,24,-122.68679527256,45.5826867477229
719,BF32068,4,-122.655547520031,45.5227710638215
720,BF27201,6,-122.681404858934,45.5297298960075
721,BF27753,0,-122.694532075827,45.531494274559
722,BF32075,16,-122.655610578171,45.5173718400478
723,BF27202,4,-122.681036115781,45.5233669370254
724,BF32084,12,-122.655646974313,45.5105426170575
725,BF27203,4,-122.681049825869,45.5238843240066
726,BF27754,0,-122.694561338447,45.5323550609279
727,BF32088,0,-122.655652008471,45.5076658089439
728,BF27205,4,-122.681104342827,45.5254897745319
729,BF32091,2,-122.65566543559,45.5049973728735
730,BF27206,0,-122.681185148084,45.5263967017864
731,BF32108,4,-122.655738636608,45.5195896319422
732,BF27786,2,-122.696775691911,45.532949229237
733,BF27207,2,-122.681165518997,45.5267730534867
734,BF32110,2,-122.655748351887,45.5180259385245
735,BF27208,6,-122.681196676164,45.5276629921107
736,BF27209,2,-122.681219199623,45.5282618468286
737,BF32121,0,-122.655802918253,45.5102748766991
738,BF27805,0,-122.696421048715,45.5277827682214
739,BF2721,0,-122.686767901792,45.5835331734136
740,BF27210,8,-122.681263942012,45.5295168576258
741,BF32202,2,-122.547661022218,45.5044873420872
742,BF27807,2,-122.696490056396,45.5297149953228
743,BF27289,0,-122.682234245588,45.5239383258456
744,BF32332,0,-122.698389548556,45.5354434191731
745,BF27812,4,-122.696610311169,45.5329219749635
746,BF27290,2,-122.682272973757,45.5248393935996
747,BF32487,6,-122.654567987164,45.5180469377608
748,BF27822,4,-122.696786266878,45.5379730955808
749,BF27292,0,-122.682321193525,45.5262128655799
750,BF27298,2,-122.682055636255,45.5235062643678
751,BF32490,2,-122.654587200331,45.5153274204566
752,BF27838,0,-122.698549180081,45.5239025115483
753,BF27300,0,-122.682094914193,45.5245439562886
754,BF32493,4,-122.654595346254,45.5132675758703
755,BF27301,0,-122.682123743825,45.5254429777562
756,BF27839,2,-122.69847888691,45.5241997283012
757,BF27302,0,-122.68214357144,45.525968116193
758,BF32495,4,-122.654631835821,45.5116428535892
759,BF27840,2,-122.698514428754,45.525009626952
760,BF27303,2,-122.682173018215,45.5267545232544
761,BF32496,2,-122.654625126304,45.5108941075985
762,BF27312,0,-122.683228546759,45.5235290105902
763,BF32497,4,-122.654620059806,45.5106441874351
764,BF27841,2,-122.698530866127,45.5256327776898
765,BF32504,2,-122.654661681448,45.504958440792
766,BF32538,4,-122.654721814673,45.5211540101213
767,BF27842,4,-122.698575806146,45.5265653853956
768,BF32540,12,-122.654728809854,45.5198408958369
769,BF27843,4,-122.698597963092,45.5272371141152
770,BF32541,6,-122.654738902426,45.5191239711752
771,BF32552,2,-122.654784414672,45.5103515908996
772,BF27844,2,-122.698625392251,45.5279992612391
773,BF32554,0,-122.654773140815,45.5087554215726
774,BF33288,4,-122.65290829937,45.4690209374245
775,BF32556,6,-122.654810214287,45.5073227500273
776,BF27845,0,-122.698646588,45.5286353849593
777,BF33292,4,-122.652910440056,45.4661631095886
778,BF32557,4,-122.654817970341,45.5066529542728
779,BF27846,0,-122.698672684059,45.5292803489554
780,BF33293,2,-122.652900311551,45.4656007887158
781,BF27847,0,-122.698701397809,45.5301389911992
782,BF33294,0,-122.652913838383,45.4645146044544
783,BF27848,0,-122.698710408809,45.5307251676053
784,BF32560,2,-122.654830532382,45.5047165195906
785,BF33295,6,-122.652917732579,45.463885716551
786,BF27849,0,-122.698750815031,45.5313445428643
787,BF27850,0,-122.698783325061,45.5323085152814
788,BF32858,2,-122.653535672883,45.5208706764095
789,BF33296,0,-122.652893536457,45.4630982351106
790,BF27854,18,-122.698862472027,45.5349683496275
791,BF32862,4,-122.653562293559,45.5169607523321
792,BF33297,2,-122.652908937174,45.4625299422341
793,BF27861,0,-122.698318181,45.524136810464
794,BF32868,0,-122.653551177805,45.5125023095568
795,BF33309,0,-122.652719316293,45.5169481167954
796,BF27862,0,-122.698351371953,45.5250382904149
797,BF32871,2,-122.653604505394,45.5103088570594
798,BF33334,8,-122.653073520212,45.4688195375297
799,BF27863,0,-122.698379779378,45.5257767156971
800,BF32891,0,-122.653708870765,45.5194615180865
801,BF33336,2,-122.653084013433,45.4676177764743
802,BF27864,0,-122.698401918358,45.5265199853928
803,BF32902,2,-122.653764838502,45.5111273451882
804,BF33337,6,-122.653078546286,45.4669959534321
805,BF27865,0,-122.698431562762,45.5272812070453
806,BF3292,16,-122.668647992281,45.5402104969033
807,BF33338,6,-122.653079601807,45.4662613699147
808,BF27866,0,-122.698449017926,45.5277522345382
809,BF33259,6,-122.652506700336,45.5227475872083
810,BF27867,24,-122.698504944341,45.5288515581502
811,BF33340,0,-122.653084102367,45.464710907021
812,BF27868,4,-122.698514144886,45.5295271537222
813,BF33260,6,-122.652506859338,45.522030921759
814,BF33342,0,-122.653080129118,45.463314842747
815,BF33343,12,-122.65308891015,45.4625704422442
816,BF33352,4,-122.652689310765,45.501022139814
817,BF33647,0,-122.651502506019,45.5225714364563
818,BF33653,2,-122.651531279058,45.5166731367505
819,BF33664,2,-122.651054368864,45.5000257666237
820,BF33671,0,-122.651280780248,45.4950251326576
821,BF33688,0,-122.651709186807,45.5226152945067
822,BF33693,0,-122.651699856006,45.5168496804914
823,BF3377,4,-122.668248066808,45.5482057631357
824,BF3379,12,-122.672437148133,45.5481051438198
825,BF34017,24,-122.650496915721,45.4622244188729
826,BF34022,2,-122.650666903024,45.5215922048758
827,BF34037,2,-122.650799176356,45.5024534291686
828,BF34125,8,-122.497110250202,45.5184672966132
829,BF34359,2,-122.649629457567,45.5226588472717
830,BF34387,0,-122.649761947393,45.5033697083552
831,BF34402,6,-122.649497851683,45.4860496493473
832,BF34594,4,-122.648470686546,45.5226850806229
833,BF34617,0,-122.64826635126,45.4928755163622
834,BF34640,0,-122.646950380454,45.4638760221057
835,BF34641,0,-122.646944178485,45.4629843106079
836,BF34642,0,-122.646952234577,45.4625543002087
837,BF34644,6,-122.646964567547,45.4609184989577
838,BF34646,2,-122.646951490771,45.4596275285275
839,BF34664,12,-122.648659468401,45.5123420536978
840,BF34700,0,-122.647120347994,45.4651934647463
841,BF34701,0,-122.647117701557,45.4648808509703
842,BF34703,2,-122.647117696167,45.4630885134377
843,BF34704,4,-122.647121234631,45.4627610911774
844,BF34817,12,-122.647463429872,45.522721220457
845,BF34819,6,-122.647446300796,45.5212766745588
846,BF3483,0,-122.689898247588,45.5625149329048
847,BF34855,4,-122.647616567475,45.5220586697173
848,BF34866,2,-122.647661101455,45.512715668578
849,BF35100,0,-122.64546402529,45.512766971162
850,BF35101,6,-122.645039384468,45.5117188829106
851,BF35132,0,-122.645578616184,45.5225460992968
852,BF35139,2,-122.645631120017,45.5173475630473
853,BF35144,4,-122.645649831925,45.513246922958
854,BF35145,12,-122.645617209605,45.5123779219368
855,BF35200,12,-122.644560971392,45.5032699922472
856,BF35239,0,-122.644689053186,45.5035321115061
857,BF35243,4,-122.644705136622,45.5008032857725
858,BF35268,4,-122.643379131635,45.5227393718704
859,BF35311,18,-122.643655382449,45.5046748083257
860,BF35352,4,-122.642499510292,45.5031040606759
861,BF35375,0,-122.642591210316,45.5125236753335
862,BF35409,2,-122.641358364217,45.5227258262843
863,BF35412,4,-122.641406544459,45.519671944703
864,BF35481,0,-122.640336205391,45.5035237624063
865,BF35509,0,-122.640500126371,45.5035038211422
866,BF35538,0,-122.639067736599,45.5163187163097
867,BF35550,24,-122.639593379499,45.5044907437474
868,BF35551,2,-122.63956429744,45.5032920049805
869,BF35560,2,-122.639509720295,45.4930765658046
870,BF35583,4,-122.639649039114,45.5050162829839
871,BF35670,10,-122.63717966023,45.5225554135695
872,BF35673,24,-122.637244196997,45.5205526414096
873,BF35718,16,-122.637352622753,45.5225405386771
874,BF35719,20,-122.637340699414,45.5219435445846
875,BF35740,32,-122.637767847434,45.4988238512756
876,BF35745,0,-122.637692331458,45.4931813389355
877,BF35747,2,-122.637683562104,45.4898558376724
878,BF35782,20,-122.636797756758,45.5062402055237
879,BF35810,0,-122.636011629375,45.5168863049726
880,BF35922,8,-122.663863382719,45.5188199537142
881,BF35952,2,-122.634689537449,45.5166178306383
882,BF35958,4,-122.63469437308,45.5114144659914
883,BF35992,6,-122.63486560455,45.5162932315597
884,BF36088,6,-122.633635554007,45.5045710374748
885,BF36129,0,-122.632255522542,45.516569115466
886,BF36195,6,-122.632805281615,45.490843031624
887,BF36236,0,-122.630864369035,45.516678576466
888,BF36237,0,-122.630860455076,45.5163402751391
889,BF36255,8,-122.63166864598,45.4945728077791
890,BF3626,0,-122.695736532468,45.5624086359858
891,BF3628,4,-122.695681428012,45.5657068612817
892,BF36301,4,-122.630458114033,45.5046346571432
893,BF36310,4,-122.630590414315,45.50464503901
894,BF3633,2,-122.695605841069,45.5738542261683
895,BF36334,0,-122.629488868672,45.5166610135225
896,BF36380,0,-122.629633414788,45.5169143412376
897,BF36381,0,-122.629637398816,45.5163349537283
898,BF3645,4,-122.695494810198,45.5629696243381
899,BF3653,2,-122.695385852639,45.5768746201458
900,BF36943,4,-122.662688323446,45.5175125569372
901,BF36953,0,-122.66272196176,45.5124496382023
902,BF36963,4,-122.662830754029,45.5225927348422
903,BF37290,0,-122.619607822755,45.4790660555971
904,BF37358,6,-122.618122161989,45.4738059907762
905,BF37365,4,-122.617878919769,45.5188244100573
906,BF38437,8,-122.607142772025,45.5166521892459
907,BF38682,2,-122.601953019576,45.5174061856061
908,BF38739,6,-122.602255838065,45.5188441060824
909,BF38802,8,-122.601145473661,45.5193965789164
910,BF38803,2,-122.601269431289,45.5168681038327
911,BF39502,4,-122.592301394399,45.5171382846595
912,BF39540,18,-122.659635484293,45.5227497629855
913,BF39544,0,-122.659635850805,45.5196811316798
914,BF39547,8,-122.659650328054,45.5175081716171
915,BF39548,0,-122.659635796906,45.5168164380183
916,BF39553,2,-122.65967594621,45.5131808000987
917,BF39557,4,-122.6596919479,45.5106605278435
918,BF39574,2,-122.659792333734,45.5208859394562
919,BF39576,2,-122.659798699197,45.5195577323792
920,BF39578,2,-122.659807053529,45.5180718105349
921,BF39581,6,-122.659822869268,45.5164026836546
922,BF39585,4,-122.659839985767,45.5131855665975
923,BF39593,6,-122.65988162268,45.5078251092404
924,BF40276,0,-122.583187608549,45.519057034452
925,BF40356,6,-122.582370311422,45.5192748274476
926,BF40397,2,-122.658605047491,45.5201656362095
927,BF40402,0,-122.658556456719,45.5170473447712
928,BF40404,6,-122.658560411103,45.5155680018781
929,BF40406,2,-122.658576382251,45.5140829409262
930,BF40407,0,-122.658581266391,45.5133935106933
931,BF40408,0,-122.658587141373,45.5124042211429
932,BF40409,0,-122.658591704814,45.5120853740732
933,BF40410,2,-122.658592972337,45.511329780486
934,BF40412,2,-122.658608266155,45.5098586801471
935,BF40414,4,-122.658617384055,45.5082956411226
936,BF40442,6,-122.65879558735,45.519227044862
937,BF40444,2,-122.658793709871,45.5178290883985
938,BF40457,2,-122.658865459211,45.5083114565431
939,BF40464,4,-122.658900393794,45.5017900145752
940,BF40492,2,-122.58138494759,45.5193856616157
941,BF40546,4,-122.581551092799,45.5193211830944
942,BF4059,12,-122.681877009854,45.5684459520899
943,BF40608,4,-122.580438826662,45.5194774474414
944,BF40666,4,-122.57858540011,45.49811395976
945,BF40668,2,-122.578596861714,45.4965700478304
946,BF40747,2,-122.579126320658,45.4803079061309
947,BF40865,0,-122.57689276301,45.5040757491298
948,BF41250,6,-122.657605715755,45.5188530206526
949,BF41271,4,-122.657720977691,45.5023826729151
950,BF41289,0,-122.657750003156,45.522571919824
951,BF41290,2,-122.65777022064,45.5220451327787
952,BF41291,2,-122.657757583141,45.5212211621223
953,BF41302,14,-122.657805098629,45.5135059534529
954,BF41312,2,-122.657860088999,45.5064078276792
955,BF41472,10,-122.568518729017,45.4802252429186
956,BF41761,0,-122.656569930385,45.5224897516588
957,BF41770,23,-122.656637040825,45.5159692254474
958,BF41783,0,-122.656666342971,45.5071070090901
959,BF41816,24,-122.65671435433,45.5227129377712
960,BF41818,0,-122.65674410743,45.5213334425914
961,BF41820,0,-122.657408644247,45.5196320603913
962,BF41824,4,-122.656760995758,45.5170831470667
963,BF41836,4,-122.656830316053,45.5082883453282
964,BF41909,2,-122.664411812285,45.5180154313501
965,BF41913,2,-122.659917973907,45.5179950300664
966,BF41914,0,-122.659383846419,45.5179972620472
967,BF41917,2,-122.655793812929,45.5179797794536
968,BF41919,6,-122.654395697479,45.5179799708023
969,BF41988,0,-122.662681907678,45.5178544245351
970,BF41991,2,-122.659055422351,45.517877983758
971,BF41995,4,-122.654784988695,45.5178654749442
972,BF41996,0,-122.654348712894,45.5178573205784
973,BF4205,8,-122.685704717805,45.5583601598671
974,BF42106,4,-122.659407939234,45.5222728264465
975,BF42115,4,-122.651206820154,45.5222449105471
976,BF42121,4,-122.645290524676,45.5222239191713
977,BF42124,0,-122.638196453419,45.5222000288211
978,BF42156,0,-122.659880458464,45.5221575689509
979,BF42158,0,-122.657849528405,45.5221537271561
980,BF42162,0,-122.654163138923,45.522139632601
981,BF42164,10,-122.651708767293,45.5221231677595
982,BF42172,4,-122.640101729831,45.5220880553358
983,BF42177,4,-122.633300191352,45.5220489009421
984,BF42220,0,-122.659893502002,45.5215616376213
985,BF42228,4,-122.650928887693,45.5215414547652
986,BF42237,8,-122.63759265619,45.5215229876375
987,BF42280,0,-122.660936894306,45.5214375217846
988,BF42284,11,-122.656850837168,45.5214506780838
989,BF42287,0,-122.653758932079,45.5214241099467
990,BF42289,0,-122.652395641618,45.5214201201934
991,BF42293,0,-122.647640025182,45.5214051650673
992,BF42294,2,-122.647339085969,45.5214030710598
993,BF42422,2,-122.658485577847,45.5165719964686
994,BF42429,2,-122.651295725519,45.5165542408793
995,BF42441,4,-122.634119905846,45.5165307830735
996,BF42443,0,-122.630084240601,45.5165155805318
997,BF42444,0,-122.628619524954,45.5165171969665
998,BF42447,4,-122.624214283819,45.5164931411648
999,BF42452,12,-122.615891533747,45.5166027741529
1000,BF42454,2,-122.613600760602,45.5166201665333
1001,BF46349,0,-122.653185009224,45.5121282362419
1002,BF46352,4,-122.647473541309,45.5121076968513
1003,BF46354,0,-122.645739845811,45.5121074513455
1004,BF46359,0,-122.640692319129,45.512004504367
1005,BF46361,0,-122.637629696424,45.5119945821359
1006,BF46362,0,-122.635456221696,45.5119932217792
1007,BF4638,0,-122.674515989837,45.5390532553173
1008,BF4657,4,-122.682113366487,45.5550537122031
1009,BF4666,32,-122.681801524421,45.5620279434393
1010,BF4674,4,-122.681974642353,45.5706964197667
1011,BF630,0,-122.674678000999,45.5392238772826
1012,BF4680,2,-122.681893439143,45.5778278937273
1013,BF63149,6,-122.677098478294,45.5147979110991
1014,BF4687,2,-122.682480326484,45.5827084200564
1015,BF63151,4,-122.67879974461,45.5150792409475
1016,BF4698,2,-122.682604779083,45.5828543828887
1017,BF63154,0,-122.681749075385,45.5160398557274
1018,BF47173,2,-122.661669147925,45.5042064170047
1019,BF63161,4,-122.675574476533,45.5145196756029
1020,BF47502,4,-122.622350541913,45.4705438202654
1021,BF47691,4,-122.64875248805,45.5083930807125
1022,BF63166,2,-122.680590268431,45.5158427921906
1023,BF477,2,-122.682638914166,45.5662371611541
1024,BF63167,0,-122.68225673581,45.5162982955272
1025,BF47763,4,-122.578291599808,45.4961314032133
1026,BF63177,2,-122.676336503914,45.5153578123297
1027,BF47950,2,-122.653426112555,45.4671181638459
1028,BF63181,2,-122.680498351913,45.516468968904
1029,BF48428,8,-122.6528998588,45.5129752718382
1030,BF63184,0,-122.683342294135,45.5172309106835
1031,BF48499,2,-122.65345604442,45.5128659905943
1032,BF63186,0,-122.685300280993,45.5177534342945
1033,BF63200,2,-122.680574131096,45.5166087602394
1034,BF48576,0,-122.665702920419,45.5137358074442
1035,BF63206,0,-122.68578172229,45.5180070925812
1036,BF48577,2,-122.664169321057,45.5137327997701
1037,BF63328,0,-122.68107432652,45.5129328087836
1038,BF48580,4,-122.6609927785,45.51372146717
1039,BF63332,0,-122.684461589589,45.5138366141619
1040,BF48680,4,-122.664151337684,45.5136083833955
1041,BF63336,0,-122.691021950177,45.5155912618044
1042,BF48683,0,-122.661385569553,45.5136116888227
1043,BF63579,6,-122.681703675429,45.5122146630044
1044,BF48684,2,-122.660450263442,45.5136018430427
1045,BF63580,2,-122.683018039148,45.5125630384242
1046,BF48686,4,-122.657949425556,45.5135962469174
1047,BF63581,4,-122.685224117332,45.5131520959727
1048,BF4887,0,-122.695233328585,45.5645092996594
1049,BF63586,4,-122.681905455906,45.5123900416811
1050,BF489,4,-122.695777400424,45.5663277586345
1051,BF63624,0,-122.675751372779,45.4858018899331
1052,BF48962,0,-122.654115367414,45.5108480515839
1053,BF63636,0,-122.676915784322,45.4857003767613
1054,BF49007,4,-122.532153773777,45.5116691525092
1055,BF63637,0,-122.676669678273,45.4856439670401
1056,BF49029,2,-122.655226745118,45.5107236842295
1057,BF63711,14,-122.683145836176,45.5118434954615
1058,BF49051,14,-122.582299870927,45.5107788079088
1059,BF63712,0,-122.685916479464,45.5126039317935
1060,BF4907,2,-122.682378548261,45.5641477417693
1061,BF63721,2,-122.691536151235,45.5140753034448
1062,BF49084,0,-122.661657858797,45.5202363625574
1063,BF63730,4,-122.683081076627,45.511939719003
1064,BF49085,4,-122.661655714518,45.5196372436477
1065,BF63756,4,-122.671896333586,45.4937019127018
1066,BF49115,0,-122.661907991993,45.5189092095409
1067,BF63786,0,-122.674783393145,45.5180177772581
1068,BF49125,2,-122.661958559058,45.5131212673009
1069,BF63788,2,-122.676769492779,45.5185440267123
1070,BF49368,0,-122.654336112226,45.5101384980183
1071,BF63789,2,-122.678094942608,45.5188900882048
1072,BF49461,2,-122.653153184609,45.4664051819236
1073,BF63791,2,-122.679890544605,45.5193740972682
1074,BF49488,4,-122.654104783464,45.4998282541195
1075,BF63793,4,-122.681455139437,45.5196886041224
1076,BF49490,0,-122.65404107674,45.4984887942744
1077,BF63794,0,-122.68238021733,45.520040344696
1078,BF49491,6,-122.653825842195,45.4977586259222
1079,BF63795,2,-122.683918224725,45.5204517277645
1080,BF49500,0,-122.651028291669,45.490182981627
1081,BF63796,2,-122.684352886253,45.5205681638584
1082,BF49503,18,-122.649915710223,45.4863522567486
1083,BF63801,2,-122.68782783208,45.5215011909936
1084,BF63803,0,-122.68973420803,45.5219530490334
1085,BF49512,6,-122.649153356754,45.4779083170975
1086,BF63804,0,-122.690949504642,45.5223210023305
1087,BF49513,0,-122.648923547043,45.4759686835125
1088,BF68354,6,-122.681165097687,45.531726275808
1089,BF63810,2,-122.674350877692,45.5179803232867
1090,BF49514,4,-122.648717243548,45.4743242150925
1091,BF63812,4,-122.676152416655,45.518515699833
1092,BF68355,6,-122.681852722104,45.5314669497296
1093,BF49515,0,-122.648637940275,45.473571394143
1094,BF63815,2,-122.679062107471,45.5192442841111
1095,BF49525,10,-122.654345428654,45.500432095239
1096,BF68357,4,-122.681637120148,45.5307442201019
1097,BF63816,2,-122.680074351591,45.5195121039065
1098,BF49529,0,-122.653581433064,45.4962733242634
1099,BF63818,6,-122.681644104549,45.5199317059569
1100,BF49536,8,-122.650978242033,45.4893258833943
1101,BF63819,4,-122.682749146434,45.5202275193298
1102,BF68358,4,-122.681904574659,45.530867242463
1103,BF49543,4,-122.649611007069,45.4804961929515
1104,BF63820,6,-122.683831214805,45.5205143375365
1105,BF49547,4,-122.649273107571,45.4774588901923
1106,BF63825,0,-122.686338181896,45.5211983576914
1107,BF49550,0,-122.649053579977,45.4756601930427
1108,BF63826,6,-122.687324907574,45.5214612746205
1109,BF68362,0,-122.680472408568,45.5312037800202
1110,BF49551,0,-122.648974132974,45.4745492255885
1111,BF63827,0,-122.688371864393,45.521747299795
1112,BF49552,4,-122.648863708466,45.4740149823842
1113,BF68364,0,-122.680496445688,45.5318829109566
1114,BF63828,0,-122.689423814048,45.5220307260184
1115,BF49555,0,-122.648606615123,45.4718445645304
1116,BF63829,0,-122.692166812582,45.5227629869513
1117,BF49556,4,-122.648549854173,45.4714561428032
1118,BF63984,8,-122.670380230711,45.5226596176378
1119,BF68572,12,-122.65178765824,45.476474289302
1120,BF49558,4,-122.648323753606,45.4695571998006
1121,BF64,2,-122.650073134587,45.5229807838538
1122,BF49563,0,-122.647447806373,45.4658396396564
1123,BF64244,0,-122.67194531782,45.5202827942001
1124,BF64247,0,-122.674599663415,45.5209933534234
1125,BF49747,18,-122.66256676432,45.5172882876939
1126,BF68822,4,-122.646757098937,45.4990356722844
1127,BF64248,0,-122.675475286356,45.5212280439831
1128,BF49749,6,-122.660354503931,45.5173205712454
1129,BF69,0,-122.644186082865,45.5229612925668
1130,BF64252,0,-122.679792848327,45.5223828673455
1131,BF49750,0,-122.659247415683,45.5173140967862
1132,BF70,0,-122.642361356588,45.5229512759723
1133,BF64253,0,-122.68074345634,45.5226370705787
1134,BF49751,4,-122.658013272417,45.5173162979514
1135,BF64265,0,-122.673448015135,45.5208089954061
1136,BF49753,8,-122.656113950937,45.5173016608626
1137,BF64266,0,-122.674719877763,45.5211490523301
1138,BF49754,0,-122.655442100936,45.5172988409534
1139,BF64267,0,-122.675496941145,45.5213567164989
1140,BF70216,2,-122.682793695686,45.53216332033
1141,BF49755,0,-122.65430810545,45.517294654521
1142,BF64268,6,-122.676492923961,45.5216446612316
1143,BF49819,6,-122.660380748212,45.5171275091755
1144,BF70219,0,-122.68083543035,45.5321799603185
1145,BF64269,0,-122.677648291266,45.5219325220402
1146,BF49822,4,-122.65691716787,45.5171266524995
1147,BF64270,0,-122.678698328408,45.5222133894935
1148,BF49823,4,-122.655915740364,45.5171248604669
1149,BF70223,0,-122.682527643445,45.5318835295397
1150,BF64271,0,-122.679785851349,45.522504106692
1151,BF49825,0,-122.654153706612,45.5171189285677
1152,BF64272,18,-122.68059632128,45.5227036392592
1153,BF49826,2,-122.653224806388,45.5171419467752
1154,BF6428,2,-122.680136801571,45.5627921133924
1155,BF49828,18,-122.65139664675,45.5171544727449
1156,BF64484,0,-122.679979499378,45.5205958237917
1157,BF49842,0,-122.630460936539,45.5171078515752
1158,BF70283,6,-122.687752450852,45.5381093061277
1159,BF50001,0,-122.647504216979,45.4657946064818
1160,BF64485,2,-122.680343973737,45.5199227493868
1161,BF70284,4,-122.686750510408,45.5372256670663
1162,BF50073,4,-122.658517386293,45.5201270079255
1163,BF64486,0,-122.680723034939,45.5192335392426
1164,BF50074,2,-122.657334473947,45.5201344217735
1165,BF64487,4,-122.681071909154,45.5185802611031
1166,BF5010,6,-122.671953643406,45.5403084959461
1167,BF64488,4,-122.681408109039,45.5179538523325
1168,BF70289,6,-122.68658467422,45.5369127092449
1169,BF50114,12,-122.66358838236,45.5200321075628
1170,BF64489,0,-122.681667417627,45.5174786696776
1171,BF50117,0,-122.660513416803,45.5200223900476
1172,BF64490,0,-122.682283610708,45.5163526401468
1173,BF70298,0,-122.670668332999,45.4989432423584
1174,BF50125,0,-122.653454753541,45.5199995593249
1175,BF64491,0,-122.682658947495,45.5168029589867
1176,BF5014,4,-122.672187307788,45.5438906405766
1177,BF64492,0,-122.682459077734,45.5160338790223
1178,BF70301,0,-122.670798273407,45.4959402406242
1179,BF50539,6,-122.659933119502,45.5208511283745
1180,BF64494,2,-122.682808421768,45.5153875067386
1181,BF70304,4,-122.67028262606,45.4977797422822
1182,BF50541,2,-122.658223619229,45.5208532488375
1183,BF64495,2,-122.683419554639,45.5153943414736
1184,BF50545,2,-122.654209607874,45.5208296625371
1185,BF64496,0,-122.683243105755,45.5145901956558
1186,BF50546,2,-122.653453065607,45.520827170095
1187,BF64498,0,-122.683602872043,45.5139144553161
1188,BF70308,8,-122.669780134542,45.4974358637422
1189,BF50608,4,-122.656394908923,45.5207154317928
1190,BF64499,2,-122.68426961063,45.5138225867664
1191,BF54676,0,-122.684207831691,45.5180593219061
1192,BF70318,0,-122.669809470824,45.4962762547902
1193,BF50615,0,-122.648772268055,45.520662696373
1194,BF64511,0,-122.679457899795,45.5218904119104
1195,BF50642,2,-122.581326181601,45.5202192564181
1196,BF64513,0,-122.680153317097,45.5205328912241
1197,BF54677,4,-122.68465745466,45.5172300603036
1198,BF50643,4,-122.57976253539,45.5204079259331
1199,BF64514,0,-122.680472373533,45.5199431210185
1200,BF70329,6,-122.580454961303,45.5413120899345
1201,BF50704,2,-122.652788026632,45.5009388950003
1202,BF54678,0,-122.685481217861,45.5157064723229
1203,BF70385,6,-122.671046592006,45.4934242870146
1204,BF64515,0,-122.68088905618,45.5191737100953
1205,BF54679,0,-122.685772969106,45.5151706397512
1206,BF50795,6,-122.659536245607,45.5014472900674
1207,BF64516,14,-122.681224673956,45.518543187682
1208,BF70514,12,-122.674723950724,45.5292665997891
1209,BF5469,0,-122.701943490433,45.5770604882854
1210,BF50810,0,-122.645202817663,45.4993938749082
1211,BF64517,0,-122.68148893316,45.5180670538915
1212,BF70573,2,-122.671808566386,45.4961647026114
1213,BF54703,0,-122.682184204935,45.5225204379923
1214,BF50820,6,-122.630253689814,45.4966739045819
1215,BF64520,0,-122.683186767013,45.5160811003255
1216,BF70924,2,-122.66424233253,45.5086211116595
1217,BF54704,0,-122.682345788499,45.5219325604331
1218,BF50961,4,-122.649758604762,45.480912365336
1219,BF64523,0,-122.683599803398,45.5153401211922
1220,BF71,0,-122.640071512301,45.5229454063666
1221,BF54705,4,-122.682680110007,45.5213162637753
1222,BF5116,0,-122.674285558492,45.5619365125913
1223,BF64525,0,-122.683911864653,45.5147594786728
1224,BF71064,0,-122.672298189538,45.4900332760162
1225,BF54706,6,-122.683120237783,45.5204692744191
1226,BF71157,2,-122.681374869577,45.5281442913593
1227,BF54708,0,-122.683822506537,45.5191783439077
1228,BF5121,10,-122.668330005738,45.5626495424659
1229,BF64527,0,-122.684254013182,45.5141389853911
1230,BF71158,2,-122.681348320767,45.5274533965193
1231,BF54709,0,-122.684102876127,45.5186837776447
1232,BF64531,0,-122.686324018159,45.5102892701019
1233,BF51225,4,-122.629161130917,45.4684802612773
1234,BF71163,0,-122.67927082923,45.5117018692375
1235,BF54710,0,-122.684532695736,45.5178841465808
1236,BF64998,4,-122.676388087873,45.4971726588865
1237,BF5125,4,-122.671433946454,45.5626412675473
1238,BF71177,6,-122.678578943205,45.5121113718845
1239,BF54711,10,-122.684995738637,45.5170367354437
1240,BF71181,2,-122.678071040235,45.5099697550844
1241,BF54713,0,-122.686164125225,45.517034820666
1242,BF650,2,-122.674893097204,45.5605975913728
1243,BF5127,6,-122.674517390311,45.5626203252115
1244,BF71185,0,-122.677186661414,45.5110470494812
1245,BF6501,4,-122.668064640708,45.5625349249548
1246,BF5129,2,-122.676384621274,45.5626161704545
1247,BF54714,0,-122.686226985735,45.5147695105741
1248,BF71193,0,-122.682288873039,45.5297769365335
1249,BF54728,4,-122.689345560906,45.5109739974866
1250,BF71194,0,-122.682260774635,45.5290637979371
1251,BF65034,0,-122.671436455449,45.5209096056673
1252,BF5134,2,-122.679200581873,45.5626124163299
1253,BF54740,0,-122.683090240341,45.5222850793783
1254,BF65038,0,-122.67559165861,45.5220311703685
1255,BF7120,14,-122.673393542195,45.5698185998643
1256,BF65039,20,-122.677092529651,45.5224443911651
1257,BF54742,0,-122.683905513564,45.5207886373054
1258,BF7132,4,-122.687148714709,45.5698255537566
1259,BF65047,0,-122.67331100319,45.5215354427689
1260,BF7164,4,-122.682459595164,45.5699965382385
1261,BF54743,0,-122.684116954524,45.5203936742177
1262,BF65048,0,-122.673922016585,45.5216984040215
1263,BF72,4,-122.637763575046,45.5229567018639
1264,BF652,18,-122.674903081978,45.56249168735
1265,BF54745,0,-122.68491987142,45.5189036561149
1266,BF65489,2,-122.679271007097,45.5168960003692
1267,BF74,0,-122.635813836519,45.5229406375477
1268,BF54747,0,-122.685752645621,45.5173589465316
1269,BF65491,0,-122.681455251727,45.5174867214993
1270,BF7508,4,-122.667500009128,45.5409292266166
1271,BF54748,0,-122.686340857079,45.5162849416331
1272,BF65493,10,-122.682757526818,45.5178305367356
1273,BF7509,2,-122.668474131442,45.5409274051415
1274,BF54750,0,-122.68699529234,45.5150823889212
1275,BF7514,4,-122.672986173282,45.5409383604168
1276,BF54772,2,-122.683328810423,45.5222580880568
1277,BF7531,2,-122.674812941429,45.541066657529
1278,BF54773,0,-122.68373366046,45.5215236440983
1279,BF7569,4,-122.696858936991,45.5778287658265
1280,BF54775,0,-122.684401251548,45.5202900714455
1281,BF7588,4,-122.681812341934,45.5726226295522
1282,BF54777,0,-122.685060536813,45.5190676465457
1283,BF76,2,-122.632493723416,45.522952805997
1284,BF54778,0,-122.685518974052,45.5182184996298
1285,BF7606,6,-122.691653660756,45.5729743641624
1286,BF54779,2,-122.686117378694,45.5171180013937
1287,BF7638,0,-122.686589071473,45.5817403977649
1288,BF54780,0,-122.686577084354,45.5162816665767
1289,BF7640,0,-122.689274487099,45.5817517436951
1290,BF54781,0,-122.687042232008,45.5154280933946
1291,BF7728,0,-122.675272711768,45.5520417825249
1292,BF54782,0,-122.687320139316,45.5149109654162
1293,BF7729,0,-122.6756523434,45.5520439823311
1294,BF54783,0,-122.687604710327,45.5143780655555
1295,BF7743,2,-122.667045731089,45.5521128116274
1296,BF54823,4,-122.684092117004,45.5226626997314
1297,BF7757,0,-122.675311934908,45.5521552281259
1298,BF54824,0,-122.684572552188,45.521705180715
1299,BF7758,0,-122.675732800111,45.5521394678047
1300,BF54827,0,-122.685576475214,45.5198527093368
1301,BF7822,0,-122.675382145434,45.5545639790411
1302,BF54828,0,-122.685854326826,45.5193254656775
1303,BF7841,2,-122.667594526269,45.5546356195146
1304,BF54829,0,-122.68635275796,45.518414414317
1305,BF7855,0,-122.675805030049,45.5546826933028
1306,BF54830,0,-122.686946142815,45.5173147293773
1307,BF7865,4,-122.68175352474,45.554719513311
1308,BF54831,0,-122.68728592608,45.5166889151972
1309,BF54832,2,-122.687847427032,45.5156703940765
1310,BF8054,2,-122.667961733302,45.5436742326375
1311,BF54833,0,-122.68813309219,45.5151411636532
1312,BF828,0,-122.686621200618,45.5844746019274
1313,BF54854,2,-122.68434469272,45.5225585730833
1314,BF8305,4,-122.670529932258,45.5377230767201
1315,BF8310,10,-122.673597086065,45.5378555018919
1316,BF54855,4,-122.684707865419,45.5219071751521
1317,BF8574,4,-122.668042569102,45.5480444621233
1318,BF54911,0,-122.685176792286,45.5227490486358
1319,BF8576,6,-122.668061247771,45.5488816810611
1320,BF54952,0,-122.686388202786,45.5209253218739
1321,BF8588,2,-122.66874837542,45.5621195527581
1322,BF54954,0,-122.687175749507,45.5194783116346
1323,BF8615,4,-122.667669205015,45.5408588465376
1324,BF55024,6,-122.68737377862,45.5211354516032
1325,BF8625,2,-122.667860515628,45.5489132286899
1326,BF55043,6,-122.688345782707,45.521063773471
1327,BF8629,4,-122.667905478104,45.5535678442427
1328,BF55045,0,-122.688993526417,45.5198541116745
1329,BF8630,4,-122.667914489105,45.5547473319482
1330,BF55068,4,-122.688192733139,45.5217517376538
1331,BF8638,14,-122.668610094155,45.5625039290038
1332,BF55069,0,-122.688359470337,45.5214537885666
1333,BF8930,12,-122.666972074625,45.5342319302564
1334,BF55094,0,-122.688846390458,45.5221763965104
1335,BF9004,18,-122.668530999291,45.5347072766004
1336,BF55127,0,-122.689101087994,45.5221093243234
1337,BF9178,4,-122.666806276167,45.5377988990269
1338,BF55128,2,-122.689356518556,45.5215898207237
1339,BF9185,2,-122.666743976205,45.545254439378
1340,BF55129,2,-122.689848185375,45.5207580381441
1341,BF9189,8,-122.666759635637,45.5479808600758
1342,BF55134,0,-122.691798174532,45.5171241844419
1343,BF9192,2,-122.666822985729,45.5513092334466
1344,BF55173,16,-122.690466356546,45.5213192099923
1345,BF9193,6,-122.666825199178,45.5523354864075
1346,BF55195,0,-122.690626434533,45.5215040346092
1347,BF9194,10,-122.666844168902,45.5541841932441
1348,BF55245,6,-122.690177836542,45.5223642418884
1349,BF55326,0,-122.671771103943,45.5209399699787
1350,BF9196,0,-122.666812293082,45.5565657439585
1351,BF55330,0,-122.673833943958,45.5171648441198
1352,BF9203,16,-122.666981009269,45.5625874997292
1353,BF55331,0,-122.673976194878,45.5168618817305
1354,BF9229,10,-122.666605717398,45.5387155566589
1355,BF9238,8,-122.66658754987,45.5466514809158
1356,BF55336,0,-122.675552975357,45.5139762036782
1357,BF9241,6,-122.666617331716,45.54917203584
1358,BF55337,0,-122.675806101739,45.5134508324446
1359,BF9243,4,-122.666641051731,45.5517398672635
1360,BF55338,0,-122.676238987298,45.512700551876
1361,BF9246,4,-122.666669080965,45.5546980685762
1362,BF55347,2,-122.678620536999,45.5016416204636
1363,BF9252,2,-122.666833838276,45.5624484666932
1364,BF55348,0,-122.67861998723,45.5011193218851
1365,BF9276,10,-122.687991745874,45.5837477875879
1366,BF55365,0,-122.671396532521,45.5220053886154
1367,BF55367,0,-122.672035208637,45.5208177088849
1368,BF9307,4,-122.687890676421,45.583880616716
1369,BF55373,0,-122.673608706672,45.5178917741036
1370,BF9476,0,-122.682052257692,45.5576188205751
1371,BF55374,0,-122.673976979107,45.5171962276356
1372,BF9562,6,-122.558646519827,45.5271956435826
1373,BF55375,0,-122.674075413801,45.5170034779743
1374,BF9817,8,-122.655646306864,45.5338228635768
1375,BF55376,0,-122.674508914706,45.5162267792975
1376,BF9818,0,-122.655645369023,45.5347662743514
1377,BF9819,0,-122.655657502568,45.5351985734045
1378,BF55378,2,-122.675329836535,45.514754606556
1379,BF9857,0,-122.655503219613,45.5342450256721
1380,BF55380,0,-122.675960375711,45.5135527758949
1381,BF55382,0,-122.676731254193,45.5121253197597
1382,BF55391,2,-122.678798762752,45.5013040365536
1383,BF55407,0,-122.692627939377,45.5222265550521
1384,BF5545,10,-122.675567653829,45.5772990890992
1385,BF5554,0,-122.687755549141,45.577200714409
1386,BF5562,8,-122.69745989734,45.5772038865718
1387,BF5563,6,-122.698110000026,45.5772121134447
1388,BF5566,0,-122.702443022003,45.5772120115834
1389,BF55702,0,-122.672183365082,45.5226452412453
1390,BF55703,0,-122.672160413126,45.5222110645303
1391,BF55704,0,-122.672394940789,45.5217734970664
1392,BF55706,0,-122.673164135828,45.5203525347449
1393,BF55707,0,-122.673484493923,45.5197375268193
1394,BF55710,0,-122.674154119695,45.5185250430973
1395,BF55711,0,-122.674701217957,45.5175302354322
1396,BF55712,0,-122.674982259487,45.5169992524942
1397,BF55714,0,-122.675634413027,45.5157868337702
1398,BF55717,0,-122.67682577313,45.5136338020065
1399,BF55719,0,-122.677434980013,45.512478985404
1400,BF55739,10,-122.672421994452,45.5226725401498
1401,BF55740,2,-122.67253551725,45.5225151706638
1402,BF58284,0,-122.678722152628,45.5199252607513
1403,BF55741,0,-122.672722488101,45.5215699532052
1404,BF55744,0,-122.673748403682,45.5196906069282
1405,BF42459,4,-122.607205670264,45.5166151403619
1406,BF55746,0,-122.674468873201,45.5183488759777
1407,BF58285,0,-122.680006371581,45.5202740271385
1408,BF42461,0,-122.602150902263,45.5168215258578
1409,BF55747,0,-122.674796628024,45.5176953502684
1410,BF58286,0,-122.680434320898,45.5203889014059
1411,BF42462,2,-122.60136724345,45.5168224473716
1412,BF55748,0,-122.67519431759,45.5169935238933
1413,BF58289,0,-122.683183034513,45.5211237346709
1414,BF42467,4,-122.59251130463,45.5169906662018
1415,BF55749,0,-122.675455386876,45.5165230955681
1416,BF58391,12,-122.672443042878,45.52246773951
1417,BF42475,2,-122.660094168568,45.5164452347324
1418,BF55751,0,-122.676317474901,45.5148706654261
1419,BF58393,6,-122.67526680265,45.5223844068265
1420,BF42483,0,-122.651893129438,45.5164329213602
1421,BF58513,4,-122.671753455641,45.5218806619877
1422,BF42488,0,-122.645847025604,45.5164272034024
1423,BF42489,4,-122.643420985941,45.5163982629986
1424,BF58514,0,-122.672862106958,45.5221776766886
1425,BF42492,0,-122.638820466334,45.5163739024901
1426,BF58600,8,-122.671484646471,45.4931054722311
1427,BF42493,2,-122.6373052483,45.516369217461
1428,BF58632,0,-122.678696111366,45.4970769018734
1429,BF42494,2,-122.636381914935,45.5163638721338
1430,BF58993,6,-122.670740539582,45.4970750934606
1431,BF42495,12,-122.635915119771,45.5163795386243
1432,BF58995,10,-122.670931773838,45.4965853470627
1433,BF42496,0,-122.634256576431,45.5163940104065
1434,BF59,6,-122.654239883794,45.5229949776403
1435,BF42498,0,-122.631794471206,45.5163890421247
1436,BF5913,2,-122.680647223417,45.5534368871445
1437,BF59147,18,-122.67787544915,45.5223946501013
1438,BF42499,50,-122.630143842024,45.5164013542476
1439,BF59148,0,-122.678335824055,45.5215056874057
1440,BF42500,0,-122.628743106188,45.5163829074637
1441,BF59149,0,-122.678728607921,45.5207801932074
1442,BF42507,0,-122.616297742037,45.5165055231342
1443,BF59150,0,-122.678970767671,45.5203313853105
1444,BF42508,0,-122.614788548105,45.5165039255827
1445,BF59151,0,-122.679317714101,45.5196884348092
1446,BF42509,2,-122.614244528369,45.5164954531458
1447,BF59152,0,-122.679740887974,45.5189540951509
1448,BF42544,0,-122.652699644984,45.4679518604531
1449,BF59153,4,-122.68009487001,45.5182535767024
1450,BF42551,2,-122.653133920237,45.4678231446058
1451,BF59154,0,-122.680463179276,45.5175826364077
1452,BF42844,2,-122.653111849529,45.4954288728172
1453,BF59155,0,-122.680807512508,45.5169457777667
1454,BF42867,0,-122.555801618205,45.4949756116786
1455,BF59156,0,-122.681208939964,45.5162002861168
1456,BF42895,22,-122.650611096085,45.4950038698055
1457,BF59157,2,-122.681517891252,45.5156394704764
1458,BF42948,0,-122.649284724585,45.4737708179737
1459,BF59158,0,-122.68193373577,45.5148736082038
1460,BF42949,0,-122.648472192122,45.4737966230811
1461,BF59159,0,-122.682192049923,45.5143955624871
1462,BF42993,0,-122.649497752868,45.4736520425153
1463,BF59162,0,-122.683321333745,45.5123032255275
1464,BF43178,4,-122.664346167896,45.5059413054939
1465,BF59163,6,-122.683613862032,45.5117678244972
1466,BF43217,4,-122.664350666659,45.5058287645176
1467,BF59165,0,-122.68446337544,45.5101963254446
1468,BF43378,8,-122.55369688346,45.5150676316522
1469,BF59166,0,-122.684734484298,45.5096957859587
1470,BF43488,2,-122.658504536791,45.5115709329645
1471,BF43492,0,-122.654566615436,45.5115821545748
1472,BF59173,0,-122.677670599129,45.522837631714
1473,BF43531,2,-122.658437157755,45.511456311384
1474,BF59174,0,-122.67808912422,45.5223955973287
1475,BF43536,0,-122.653517003197,45.511443721195
1476,BF59175,0,-122.678512890981,45.5216096234074
1477,BF43653,4,-122.646562300166,45.5035207138923
1478,BF59176,0,-122.678888969776,45.5209155535313
1479,BF43658,0,-122.640004577931,45.5034368230266
1480,BF59177,0,-122.679199200264,45.5203400755752
1481,BF43659,0,-122.639446327084,45.5036028159472
1482,BF59178,12,-122.67957112525,45.5196251374231
1483,BF43739,4,-122.655036613993,45.5031247569751
1484,BF59179,0,-122.679858652616,45.5190930217783
1485,BF43749,0,-122.644369523337,45.5033377284528
1486,BF43752,18,-122.640096548348,45.5033234988574
1487,BF59180,0,-122.680200572075,45.5184745124092
1488,BF43753,0,-122.6394923882,45.5034195424182
1489,BF59181,0,-122.680586330217,45.5177879143198
1490,BF43763,2,-122.629447697086,45.503467743258
1491,BF59182,0,-122.681050008227,45.5169242197988
1492,BF43896,24,-122.570391311244,45.4731449486885
1493,BF59183,0,-122.681358136658,45.5163549093306
1494,BF44160,2,-122.655495428524,45.5049225980447
1495,BF59184,0,-122.68175073098,45.5156399652339
1496,BF44161,0,-122.654579470328,45.5049086162758
1497,BF59185,0,-122.682049891529,45.5150830523813
1498,BF44168,4,-122.644332458849,45.5048757426102
1499,BF59186,0,-122.682540001568,45.5141779488919
1500,BF44173,28,-122.633352291842,45.5048460055095
1501,BF59187,0,-122.68277575094,45.5137470374356
1502,BF44174,10,-122.631432332467,45.5048553057134
1503,BF59190,0,-122.683879136332,45.5116990559722
1504,BF44229,4,-122.547660996167,45.5044725171925
1505,BF59192,2,-122.685013250395,45.5096068863113
1506,BF44274,12,-122.655261234136,45.5048040248787
1507,BF5924,0,-122.682108808435,45.554224479539
1508,BF5928,6,-122.681991032115,45.5541331926216
1509,BF44284,0,-122.645475857,45.5047729202834
1510,BF5936,4,-122.687383899938,45.5830466107362
1511,BF44285,0,-122.64375445854,45.5047605961727
1512,BF595,0,-122.675029828875,45.5567378104298
1513,BF44287,0,-122.642040410096,45.5047518059165
1514,BF596,2,-122.675026597635,45.5580455673309
1515,BF44292,0,-122.636381222334,45.5047445379942
1516,BF59945,0,-122.678388378194,45.5128457800688
1517,BF44293,2,-122.634974759738,45.5047487115093
1518,BF59948,0,-122.68130055375,45.5136287579428
1519,BF44294,16,-122.634147714992,45.5047456479515
1520,BF59956,0,-122.691352025348,45.5163211359347
1521,BF44296,0,-122.632326497534,45.5047396555666
1522,BF59961,0,-122.677988649452,45.5128788108597
1523,BF44297,4,-122.631359458436,45.5047373065867
1524,BF59963,6,-122.6798660197,45.5135528451383
1525,BF44298,6,-122.630224707468,45.504736821177
1526,BF59968,2,-122.684243066312,45.5145417752109
1527,BF44560,10,-122.64551815687,45.511943956194
1528,BF59971,0,-122.687559728985,45.5154300145216
1529,BF44817,2,-122.570715286855,45.4685436042048
1530,BF59972,4,-122.690338605333,45.5161812979344
1531,BF44849,30,-122.587325384393,45.4685468782585
1532,BF60022,0,-122.681854373208,45.5092000529252
1533,BF44901,2,-122.587898279576,45.4861612253407
1534,BF60024,0,-122.684137460367,45.5098114762857
1535,BF44914,2,-122.571079029985,45.480673723764
1536,BF60033,4,-122.683934849846,45.5098796289215
1537,BF44915,0,-122.569395848552,45.480135062211
1538,BF44966,2,-122.586803039208,45.4855932789829
1539,BF60083,0,-122.677518518843,45.5133823586879
1540,BF60085,0,-122.679504322034,45.5139123471812
1541,BF44969,4,-122.580300411548,45.4832371122424
1542,BF60108,12,-122.679867528869,45.5141573063853
1543,BF44979,2,-122.573472341328,45.4811962340224
1544,BF55754,0,-122.677333764135,45.5129989438946
1545,BF60110,0,-122.681486424165,45.5145667710229
1546,BF45068,4,-122.631554005679,45.4947186941784
1547,BF60125,0,-122.692079375962,45.5174016618003
1548,BF45303,0,-122.635811397593,45.4934376740399
1549,BF602,6,-122.67505554854,45.5623055609273
1550,BF56,0,-122.657285191472,45.5230083840686
1551,BF5138,16,-122.686817764578,45.5626500638542
1552,BF45310,0,-122.629435946224,45.4934241654804
1553,BF60205,2,-122.675777045732,45.4988158975279
1554,BF45345,18,-122.635835061014,45.4932967634588
1555,BF56167,4,-122.673191386222,45.5227987629522
1556,BF60251,0,-122.676336765324,45.4904932818157
1557,BF5139,4,-122.689702669079,45.5626558362334
1558,BF45494,4,-122.660586491158,45.5211130757599
1559,BF60257,12,-122.676839576643,45.4852312261328
1560,BF45496,4,-122.660606851474,45.5196575744707
1561,BF6036,12,-122.677058054107,45.5625370293807
1562,BF51452,28,-122.62797188994,45.4689368823975
1563,BF56168,6,-122.673182982482,45.5223843419996
1564,BF60407,4,-122.671573074831,45.4978029667429
1565,BF45498,4,-122.660618580777,45.5181747652977
1566,BF5150,20,-122.670987356197,45.5627439394711
1567,BF56169,0,-122.673585128591,45.5217025498449
1568,BF607,2,-122.674980605689,45.5695336794563
1569,BF45503,4,-122.660640834741,45.5147933128059
1570,BF5154,16,-122.675460827972,45.5627338859366
1571,BF56171,0,-122.674195340688,45.5205098366393
1572,BF61400,4,-122.685615493538,45.5073057790942
1573,BF45547,0,-122.660853605208,45.5213588149139
1574,BF5155,0,-122.676232826652,45.562730844404
1575,BF61403,0,-122.682977128074,45.507726204961
1576,BF56173,0,-122.674903842851,45.5192001521517
1577,BF45550,0,-122.660857652118,45.5188394565068
1578,BF5160,4,-122.679673695787,45.5627229267329
1579,BF61404,4,-122.682957707396,45.5085698625846
1580,BF45626,0,-122.655597895755,45.5072839674997
1581,BF56174,0,-122.67531840727,45.5184259983741
1582,BF6147,2,-122.679101454578,45.5625606258639
1583,BF45757,8,-122.653801831126,45.4981552099388
1584,BF5162,4,-122.681525052621,45.5627311840292
1585,BF61549,4,-122.682698920729,45.510190457656
1586,BF45808,4,-122.647195734612,45.4622426332688
1587,BF61550,6,-122.683569547241,45.5104255747635
1588,BF56175,0,-122.6756247229,45.5178731106523
1589,BF5163,4,-122.682562915795,45.5627106970766
1590,BF4586,8,-122.681146820564,45.55294476336
1591,BF61558,6,-122.682927401831,45.5103745659202
1592,BF4589,0,-122.682490259156,45.5548061948181
1593,BF56176,0,-122.675905724904,45.5173665369884
1594,BF61687,8,-122.675275315086,45.5091453450815
1595,BF5167,22,-122.689147812067,45.5627592370667
1596,BF4591,2,-122.682464045418,45.555531628174
1597,BF61697,4,-122.682738423245,45.5109638503371
1598,BF56177,0,-122.676337757064,45.5165595414974
1599,BF4605,0,-122.682354384478,45.5661665366761
1600,BF61709,26,-122.686004105628,45.5120130265813
1601,BF5168,0,-122.689475312667,45.5627750095041
1602,BF46061,0,-122.654847599474,45.5087077068584
1603,BF6176,0,-122.675641869044,45.5486268729797
1604,BF56178,9,-122.676833683695,45.5156753838235
1605,BF4610,2,-122.682315112829,45.5701287031298
1606,BF51773,0,-122.661129703309,45.5144358124593
1607,BF6177,0,-122.675634277382,45.5504006697265
1608,BF46157,6,-122.658497378116,45.5086053082872
1609,BF56181,0,-122.677777104288,45.5139550776559
1610,BF6178,0,-122.675626236562,45.5514243645259
1611,BF51778,10,-122.655932038498,45.5144149906466
1612,BF46160,2,-122.655234891939,45.5085963933527
1613,BF6179,0,-122.675619693233,45.5523154611629
1614,BF56182,0,-122.678292907042,45.5130766672336
1615,BF51787,0,-122.645798551613,45.5143823818771
1616,BF46169,2,-122.64861221522,45.5084751095596
1617,BF6180,22,-122.675584824227,45.5543214533665
1618,BF56183,0,-122.678685384583,45.5124308917407
1619,BF46179,4,-122.637449374004,45.5084042280407
1620,BF61852,0,-122.674727200829,45.4817132900427
1621,BF56200,0,-122.673713823933,45.5218577476804
1622,BF5183,0,-122.68636195581,45.5823298046757
1623,BF4623,2,-122.685553098355,45.5835050119262
1624,BF56202,0,-122.674279037622,45.5208032923693
1625,BF5184,0,-122.688670857855,45.5823371832884
1626,BF6219,22,-122.675483398143,45.5484375142601
1627,BF46276,2,-122.657083516097,45.512305929859
1628,BF6220,2,-122.675438624313,45.5504968015332
1629,BF56203,0,-122.674684802144,45.5200545090125
1630,BF46277,2,-122.65616785704,45.5123038644699
1631,BF6221,12,-122.675440937475,45.5515341703685
1632,BF51855,2,-122.660307104325,45.5143104194309
1633,BF46279,0,-122.654199438047,45.5122934720551
1634,BF6222,0,-122.675429578278,45.5521943798046
1635,BF56204,2,-122.675096847687,45.5192918747085
1636,BF51859,4,-122.656420268364,45.5142898984621
1637,BF46282,0,-122.651496484612,45.512281473154
1638,BF6229,2,-122.67589699328,45.5627889825542
1639,BF56205,2,-122.675430782021,45.5188024600465
1640,BF51869,0,-122.646064527498,45.5142674538013
1641,BF46285,12,-122.64792200635,45.512273323015
1642,BF56206,0,-122.675824781307,45.5179361217273
1643,BF62469,0,-122.684448611628,45.5092535324949
1644,BF52100,4,-122.655350143993,45.5065786135239
1645,BF46288,0,-122.644997558909,45.5122245908622
1646,BF62517,2,-122.682424020082,45.5154569039981
1647,BF46289,0,-122.642726173204,45.5121547678507
1648,BF56207,0,-122.676058922695,45.5174812648669
1649,BF5212,4,-122.687604461493,45.5824475065089
1650,BF62531,0,-122.691846535335,45.5177403067144
1651,BF46292,2,-122.640122231182,45.5121477300227
1652,BF62548,0,-122.682105232242,45.5155054363297
1653,BF56208,0,-122.676552769726,45.5166107612664
1654,BF52149,2,-122.657911701704,45.5064653473035
1655,BF46293,2,-122.63879303987,45.5121520779904
1656,BF62551,4,-122.684435598633,45.5161173425969
1657,BF65494,0,-122.683599459343,45.5180606657509
1658,BF56209,2,-122.677027050551,45.5157194858154
1659,BF46294,2,-122.637529839697,45.5121497639425
1660,BF62644,0,-122.674925176043,45.4942217234948
1661,BF52151,4,-122.656554588058,45.5064610738148
1662,BF65496,0,-122.685949477279,45.5186905937259
1663,BF46344,0,-122.658266199373,45.5121525784442
1664,BF56211,10,-122.6775117698,45.5147946535814
1665,BF522,4,-122.695411492354,45.5664416212813
1666,BF65516,0,-122.679487028566,45.517085904042
1667,BF46347,2,-122.655372545281,45.5121375793078
1668,BF62737,2,-122.695480089506,45.5231379707762
1669,BF56213,4,-122.678607603056,45.5131692325876
1670,BF52291,18,-122.647219415102,45.4649911722857
1671,BF65518,2,-122.681251497651,45.5175553564345
1672,BF65520,0,-122.682597846784,45.5179149266945
1673,BF56673,0,-122.674489259568,45.5221341663497
1674,BF52445,10,-122.660249337262,45.5194180031294
1675,BF65522,0,-122.684864068972,45.51852202372
1676,BF56674,0,-122.674750239023,45.5216327360754
1677,BF52451,0,-122.653919900297,45.5193980209189
1678,BF65913,4,-122.696710739224,45.5230395408953
1679,BF56675,6,-122.67514842895,45.5209658579598
1680,BF52452,24,-122.653341107674,45.5193855294373
1681,BF65946,0,-122.67309715744,45.5198273401116
1682,BF56676,0,-122.67556153181,45.5201480038601
1683,BF52459,4,-122.645336375586,45.5193937068703
1684,BF65947,0,-122.673838146277,45.520027774051
1685,BF56677,2,-122.675854687122,45.5196084169313
1686,BF52465,12,-122.636523180403,45.5193617530659
1687,BF65948,0,-122.674469441834,45.5201957113931
1688,BF56678,6,-122.676252762963,45.5186197420668
1689,BF52467,4,-122.634114322816,45.5193722889422
1690,BF65949,4,-122.6761793733,45.5206533496872
1691,BF56679,8,-122.676638494156,45.5181720008225
1692,BF52477,8,-122.615615281136,45.5193417078933
1693,BF65950,0,-122.676933086772,45.5208561063328
1694,BF56680,0,-122.677014439103,45.5174810023896
1695,BF52485,0,-122.601680018866,45.5193132511253
1696,BF65954,0,-122.680574524558,45.5218292733032
1697,BF56681,2,-122.677304901265,45.5169163869447
1698,BF52501,2,-122.583162468297,45.5192304890616
1699,BF65955,24,-122.681373769141,45.5220605893591
1700,BF56687,0,-122.67946949974,45.5129395273605
1701,BF52502,12,-122.582288312305,45.5192115377788
1702,BF65956,0,-122.682871436789,45.5224440890596
1703,BF56688,0,-122.67988732684,45.5121572682309
1704,BF52503,4,-122.580812750399,45.5192152167539
1705,BF65957,0,-122.683474636638,45.52260593304
1706,BF56719,0,-122.674800734223,45.522006888455
1707,BF52511,0,-122.572738412351,45.519160144768
1708,BF56720,0,-122.674927181082,45.5217640744085
1709,BF52571,2,-122.659185755322,45.5193054935049
1710,BF65960,2,-122.673813631253,45.5201477583893
1711,BF56721,0,-122.675373512625,45.5209277570358
1712,BF52573,0,-122.657493014018,45.5192932518832
1713,BF65962,0,-122.67581047923,45.5206777391839
1714,BF56722,0,-122.675794599711,45.5201549431287
1715,BF52576,4,-122.654313458511,45.5192875014861
1716,BF65963,0,-122.676704646992,45.5209166134469
1717,BF56723,0,-122.676210724503,45.5193796701599
1718,BF52577,2,-122.653456681326,45.5192788563772
1719,BF65967,2,-122.680861556054,45.5220338263989
1720,BF56724,0,-122.676489464549,45.5188718184761
1721,BF52578,18,-122.651371279224,45.5192886375924
1722,BF65968,0,-122.681593474601,45.5222215268639
1723,BF56725,4,-122.676828430347,45.5182199013787
1724,BF52588,0,-122.635050653007,45.5192583151905
1725,BF65969,2,-122.682638356312,45.522500432967
1726,BF56726,0,-122.677204236054,45.5175540547501
1727,BF52600,4,-122.617296694684,45.5192232544798
1728,BF65970,0,-122.683642062844,45.5227684298544
1729,BF52604,0,-122.613199451724,45.5192172340533
1730,BF66162,0,-122.674988759697,45.5165193213696
1731,BF56727,0,-122.677548456098,45.5169308447409
1732,BF52613,4,-122.60168669784,45.5192012007699
1733,BF56728,0,-122.677939613116,45.5161961839499
1734,BF66164,0,-122.67690707785,45.5170315966385
1735,BF52628,10,-122.582373656748,45.5190762935753
1736,BF66166,2,-122.678719710108,45.5175094663787
1737,BF56729,0,-122.678193345861,45.5157423805915
1738,BF52825,4,-122.655275449976,45.5094322625843
1739,BF56730,2,-122.678651018634,45.5149962057611
1740,BF66168,0,-122.680911243669,45.5181032986604
1741,BF66170,0,-122.682127049625,45.5184314511382
1742,BF52957,8,-122.659183314599,45.4642577641241
1743,BF56731,0,-122.678970829654,45.5142932737214
1744,BF66171,0,-122.683143346046,45.5186994239771
1745,BF52961,0,-122.653761587499,45.4642469426062
1746,BF56732,0,-122.679308936663,45.5136635495724
1747,BF66178,4,-122.688179192832,45.5200530311503
1748,BF53100,12,-122.665631177367,45.5151525891287
1749,BF56740,0,-122.682055459287,45.5075590809304
1750,BF66179,0,-122.689331457356,45.5203583102096
1751,BF53106,6,-122.659346727133,45.5151388352504
1752,BF57194,26,-122.675269278407,45.5223059970928
1753,BF66185,0,-122.674934116076,45.5166272988492
1754,BF53108,0,-122.657356462908,45.5151341929223
1755,BF57198,2,-122.676904383802,45.5198099399107
1756,BF66187,4,-122.676683156596,45.5170951997059
1757,BF57200,0,-122.677567908217,45.5186002731872
1758,BF53176,2,-122.66041744529,45.515032205756
1759,BF66188,0,-122.677968936821,45.5174420040388
1760,BF57206,2,-122.679931692835,45.5142421078665
1761,BF53180,4,-122.656328608764,45.5150151376911
1762,BF53332,0,-122.647230227224,45.4635621264433
1763,BF57207,12,-122.680253969732,45.5136471061709
1764,BF66190,2,-122.679596782033,45.5178778912307
1765,BF53540,2,-122.649313652134,45.4772359699579
1766,BF57214,14,-122.682752606745,45.5090374111634
1767,BF66191,0,-122.680967720751,45.5182453172774
1768,BF53595,0,-122.572471076417,45.4789776007747
1769,BF57242,2,-122.680636271157,45.513344994166
1770,BF66192,12,-122.681432514469,45.51834976033
1771,BF53702,2,-122.646854473619,45.4629549647003
1772,BF57243,0,-122.681073239559,45.5125655740381
1773,BF66201,0,-122.688130323583,45.5201589071658
1774,BF53785,2,-122.661059475715,45.5187139933535
1775,BF57246,0,-122.682161427253,45.5105508543209
1776,BF66958,2,-122.67451480496,45.5194444488474
1777,BF53789,2,-122.657001855645,45.5187031117977
1778,BF57254,0,-122.683290876365,45.505416998161
1779,BF66959,0,-122.675356461702,45.5196700256091
1780,BF53807,2,-122.623146098013,45.5186352046237
1781,BF574,2,-122.681814182582,45.5590586170825
1782,BF66960,0,-122.67631670235,45.5199268430996
1783,BF57669,4,-122.678050385272,45.5199370584982
1784,BF54115,0,-122.620999469437,45.4791270416184
1785,BF54117,2,-122.619295875586,45.4791138439322
1786,BF57708,4,-122.677854082721,45.5206714388273
1787,BF66961,4,-122.677280323359,45.5201918914938
1788,BF66962,0,-122.678503572756,45.5205118885096
1789,BF54289,4,-122.631294274882,45.5018863044136
1790,BF57709,12,-122.678186495309,45.5200669040453
1791,BF66963,0,-122.679417180061,45.5207561530751
1792,BF57711,16,-122.67887896973,45.518763514854
1793,BF54352,12,-122.665639714955,45.5158706804229
1794,BF66964,0,-122.680178557062,45.5209603217307
1795,BF57714,4,-122.679937302814,45.5168192812413
1796,BF54397,4,-122.585794028125,45.5163859074427
1797,BF66965,0,-122.68069361152,45.5210909875442
1798,BF57716,4,-122.680685140407,45.5154344786867
1799,BF544,4,-122.674759498856,45.5589513701574
1800,BF66966,2,-122.681785791327,45.5213850809706
1801,BF54430,4,-122.665379823361,45.5157462001634
1802,BF57721,2,-122.682478568481,45.5121182076468
1803,BF66968,0,-122.683699764329,45.5218029312972
1804,BF54431,2,-122.664388607903,45.5157429370354
1805,BF57722,6,-122.682848025794,45.5115799884378
1806,BF66969,0,-122.684777630381,45.5221907642113
1807,BF54434,0,-122.660971341104,45.515752527509
1808,BF57724,2,-122.68344889182,45.5103263256686
1809,BF66976,0,-122.673957147001,45.5194187980872
1810,BF5445,2,-122.684410564383,45.5770484321487
1811,BF57725,6,-122.683973959798,45.5093659709352
1812,BF66977,0,-122.675045860209,45.5197104423807
1813,BF5446,0,-122.686109070176,45.5770473720335
1814,BF58,4,-122.655115146512,45.5229997961757
1815,BF66978,0,-122.676413135598,45.5200790976633
1816,BF54591,0,-122.681033110019,45.5217743624831
1817,BF580,0,-122.675704442992,45.5382374058315
1818,BF66979,0,-122.677470900947,45.5203559599933
1819,BF54592,0,-122.681519274657,45.5208712806374
1820,BF5805,4,-122.681099235905,45.5539944613593
1821,BF66980,2,-122.678185073275,45.5205486301946
1822,BF58140,0,-122.679979470632,45.5222428763628
1823,BF54593,12,-122.681914023139,45.5201773854413
1824,BF66981,2,-122.679132150012,45.5208001554155
1825,BF58142,0,-122.680517979204,45.5207479015703
1826,BF54594,11,-122.682049940936,45.519559077447
1827,BF66982,0,-122.68012872931,45.5210686859527
1828,BF58143,0,-122.680880986613,45.5200855743219
1829,BF54595,0,-122.682512266084,45.519045308275
1830,BF66983,2,-122.680728233489,45.5212291737562
1831,BF58144,0,-122.681219184352,45.5194739113617
1832,BF54598,0,-122.683813591656,45.5166347477782
1833,BF66984,0,-122.681645038797,45.5214751968907
1834,BF58145,16,-122.681637766935,45.5186969748713
1835,BF66985,0,-122.682849277148,45.5217954994166
1836,BF54599,0,-122.684316755114,45.5157122167913
1837,BF58146,0,-122.681906946211,45.518203393218
1838,BF66986,14,-122.683730897242,45.5220144996842
1839,BF5461,4,-122.696025534868,45.5770509472499
1840,BF58160,0,-122.680162006501,45.5227502765621
1841,BF66987,0,-122.685068799517,45.5223914565914
1842,BF5462,2,-122.69674079326,45.5770365369758
1843,BF58162,4,-122.680312070069,45.521392961037
1844,BF67238,4,-122.673261488052,45.5168151457586
1845,BF54631,4,-122.681162816864,45.5222211825882
1846,BF58164,0,-122.681057110308,45.5200215038333
1847,BF54632,2,-122.681347186195,45.5216190630849
1848,BF58165,4,-122.681354933266,45.5195816521752
1849,BF67239,4,-122.674499923469,45.5171521110648
1850,BF54633,2,-122.681617376076,45.5211360306522
1851,BF67240,4,-122.675583426449,45.517440432321
1852,BF58166,6,-122.68176398113,45.518706243833
1853,BF54634,0,-122.682089791101,45.5202337127363
1854,BF67242,12,-122.677520210371,45.5179681512442
1855,BF58167,20,-122.682169088086,45.517913239803
1856,BF54635,6,-122.682454890687,45.5195666185125
1857,BF67243,6,-122.678587894019,45.5182634638405
1858,BF58168,2,-122.682344660215,45.5176258770894
1859,BF54636,0,-122.682658406709,45.5191773758551
1860,BF67246,2,-122.681139550498,45.5189456728075
1861,BF582,4,-122.674878549886,45.540848678981
1862,BF54637,0,-122.683068957455,45.5184330379346
1863,BF67247,6,-122.68183888176,45.519132047309
1864,BF58259,0,-122.673979855513,45.5185303756306
1865,BF54638,0,-122.68337665739,45.5178664203596
1866,BF67249,2,-122.684338532972,45.5198015114012
1867,BF58260,0,-122.67471760233,45.5187360611018
1868,BF54639,0,-122.683877257955,45.5169388746104
1869,BF67257,0,-122.690253110871,45.5213616113319
1870,BF58261,12,-122.675738008543,45.518949572099
1871,BF54641,0,-122.684867879626,45.5151259670307
1872,BF58262,0,-122.676795221427,45.5192919760454
1873,BF67262,10,-122.673212286425,45.5169303946855
1874,BF54642,4,-122.68525489002,45.5144155911669
1875,BF58264,0,-122.678646872909,45.5197886417302
1876,BF67272,2,-122.683044383142,45.5195430845439
1877,BF54644,0,-122.686046688468,45.5124447104897
1878,BF58265,0,-122.679765981513,45.5200865555766
1879,BF67279,2,-122.688010929397,45.5208201497162
1880,BF54647,4,-122.687906183139,45.5095021179318
1881,BF58266,0,-122.680461084405,45.5202722396119
1882,BF67280,4,-122.689245621534,45.5212158915252
1883,BF5465,4,-122.699780232244,45.5770592131293
1884,BF58267,0,-122.68104380536,45.5204282149365
1885,BF67281,0,-122.690270220184,45.5214872932763
1886,BF5466,0,-122.700305452936,45.5770628493362
1887,BF58268,0,-122.68228938418,45.5207618611519
1888,BF67322,2,-122.672802047394,45.5230088938665
1889,BF54669,0,-122.682028720933,45.5227748420064
1890,BF58269,0,-122.683479831595,45.5210795349515
1891,BF67323,4,-122.67383315883,45.5229896977686
1892,BF5467,4,-122.700894963358,45.5770595979397
1893,BF58280,2,-122.674627888481,45.5188362609069
1894,BF67327,2,-122.677903758658,45.5229230834818
1895,BF54670,0,-122.682002010426,45.5221343595724
1896,BF58281,0,-122.675645952786,45.5191079970311
1897,BF67334,0,-122.683823527023,45.5228173586846
1898,BF54671,2,-122.682594122369,45.5210349191623
1899,BF58282,0,-122.676516926946,45.5193410457422
1900,BF67335,1,-122.684306887121,45.5228488838055
1901,BF58283,0,-122.67777066157,45.5196639083001
1902,BF54672,6,-122.682994000231,45.5203461109875
1903,BF54673,0,-122.683190055746,45.5199400022698
1904,BF67356,4,-122.673002537891,45.523248108166
1905,BF54675,2,-122.683851805988,45.5187168597694
1906,BF67359,2,-122.675617643278,45.5231947451126
1907,BF67360,2,-122.676661067023,45.5231704316031
1908,BF67361,4,-122.678103626622,45.5231667988312
1909,BF67364,2,-122.680911506875,45.5230494674727
1910,BF67366,0,-122.682521750497,45.5230198092054
1911,BF67367,0,-122.683449903323,45.5230033660204
1912,BF67368,0,-122.684832087152,45.5229780038802
1913,BF67654,0,-122.690348689821,45.5215653422481
1914,BF68,4,-122.645846660888,45.522973622133
1915,BF68335,0,-122.683353697349,45.5311712489435
1916,BF68336,0,-122.683380932472,45.5318505942282
1917,BF68339,1,-122.683065879827,45.5314304706653
1918,BF68340,2,-122.682787130798,45.5315616829218
1919,BF68341,0,-122.682922002058,45.5307336158742
1920,BF68342,0,-122.682923100698,45.5308486430986
1921,BF68343,8,-122.682516606743,45.5311664285908
1922,BF68344,8,-122.68235807296,45.5311586040122
1923,BF68345,6,-122.682483303501,45.530452256686
1924,BF68348,0,-122.681300888822,45.530490933888
1925,BF68349,2,-122.680982348018,45.5307675788465
1926,BF68350,0,-122.680886733136,45.5308851269454
1927,BF68352,6,-122.681326423434,45.531161249543
1928,BF68353,0,-122.680992226792,45.5314828417039
